Copyright 1986-2022 Xilinx, Inc. All Rights Reserved. Copyright 2022-2026 Advanced Micro Devices, Inc. All Rights Reserved.
------------------------------------------------------------------------------------------------------------------------------------------------------------------------------------------------------------------------------------------------
| Tool Version : Vivado v.2026.1 (win64) Build 6511674 Tue Jun 16 11:02:23 MDT 2026
| Date         : Sat Oct  3 10:38:04 2026
| Host         : laptopDeDylan running 64-bit major release  (build 9200)
| Command      : report_timing_summary -max_paths 10 -routable_nets -report_unconstrained -file StopwatchTOP_timing_summary_routed.rpt -pb StopwatchTOP_timing_summary_routed.pb -rpx StopwatchTOP_timing_summary_routed.rpx -warn_on_violation
| Design       : StopwatchTOP
| Device       : 7a100t-csg324
| Speed File   : -1  PRODUCTION 1.23 2018-06-13
| Design State : Routed
------------------------------------------------------------------------------------------------------------------------------------------------------------------------------------------------------------------------------------------------

Timing Summary Report

------------------------------------------------------------------------------------------------
| Timer Settings
| --------------
------------------------------------------------------------------------------------------------

  Enable Multi Corner Analysis               :  Yes
  Enable Pessimism Removal                   :  Yes
  Pessimism Removal Resolution               :  Nearest Common Node
  Enable Input Delay Default Clock           :  No
  Enable Preset / Clear Arcs                 :  No
  Disable Flight Delays                      :  No
  Ignore I/O Paths                           :  No
  Timing Early Launch at Borrowing Latches   :  No
  Borrow Time for Max Delay Exceptions       :  Yes
  Merge Timing Exceptions                    :  Yes
  Inter-SLR Compensation                     :  Conservative

  Corner  Analyze    Analyze    
  Name    Max Paths  Min Paths  
  ------  ---------  ---------  
  Slow    Yes        Yes        
  Fast    Yes        Yes        


------------------------------------------------------------------------------------------------
| Report Methodology
| ------------------
------------------------------------------------------------------------------------------------

Rule       Severity          Description                  Violations  
---------  ----------------  ---------------------------  ----------  
TIMING-17  Critical Warning  Non-clocked sequential cell  33          

Note: This report is based on the most recent report_methodology run and may not be up-to-date. Run report_methodology on the current design for the latest report.



check_timing report

Table of Contents
-----------------
1. checking no_clock (33)
2. checking constant_clock (0)
3. checking pulse_width_clock (0)
4. checking unconstrained_internal_endpoints (66)
5. checking no_input_delay (2)
6. checking no_output_delay (11)
7. checking multiple_clock (0)
8. checking generated_clocks (0)
9. checking loops (0)
10. checking partial_input_delay (0)
11. checking partial_output_delay (0)
12. checking latch_loops (0)

1. checking no_clock (33)
-------------------------
 There are 6 register/latch pins with no clock driven by root clock pin: display/clk_div_reg[14]/Q (HIGH)

 There are 4 register/latch pins with no clock driven by root clock pin: min_get_clk/clk_out_reg/Q (HIGH)

 There are 8 register/latch pins with no clock driven by root clock pin: ms_get_clk/clk_out_reg/Q (HIGH)

 There are 7 register/latch pins with no clock driven by root clock pin: sec2_get_clk/clk_out_reg/Q (HIGH)

 There are 8 register/latch pins with no clock driven by root clock pin: sec_get_clk/clk_out_reg/Q (HIGH)


2. checking constant_clock (0)
------------------------------
 There are 0 register/latch pins with constant_clock.


3. checking pulse_width_clock (0)
---------------------------------
 There are 0 register/latch pins which need pulse_width check


4. checking unconstrained_internal_endpoints (66)
-------------------------------------------------
 There are 66 pins that are not constrained for maximum delay. (HIGH)

 There are 0 pins that are not constrained for maximum delay due to constant clock.


5. checking no_input_delay (2)
------------------------------
 There are 2 input ports with no input delay specified. (HIGH)

 There are 0 input ports with no input delay but user has a false path constraint.


6. checking no_output_delay (11)
--------------------------------
 There are 11 ports with no output delay specified. (HIGH)

 There are 0 ports with no output delay but user has a false path constraint

 There are 0 ports with no output delay but with a timing clock defined on it or propagating through it


7. checking multiple_clock (0)
------------------------------
 There are 0 register/latch pins with multiple clocks.


8. checking generated_clocks (0)
--------------------------------
 There are 0 generated clocks that are not connected to a clock source.


9. checking loops (0)
---------------------
 There are 0 combinational loops in the design.


10. checking partial_input_delay (0)
------------------------------------
 There are 0 input ports with partial input delay specified.


11. checking partial_output_delay (0)
-------------------------------------
 There are 0 ports with partial output delay specified.


12. checking latch_loops (0)
----------------------------
 There are 0 combinational latch loops in the design through latch input



------------------------------------------------------------------------------------------------
| Design Timing Summary
| ---------------------
------------------------------------------------------------------------------------------------

    WNS(ns)      TNS(ns)  TNS Failing Endpoints  TNS Total Endpoints      WHS(ns)      THS(ns)  THS Failing Endpoints  THS Total Endpoints     WPWS(ns)     TPWS(ns)  TPWS Failing Endpoints  TPWS Total Endpoints  
    -------      -------  ---------------------  -------------------      -------      -------  ---------------------  -------------------     --------     --------  ----------------------  --------------------  
    194.817        0.000                      0                   34        0.252        0.000                      0                   34        3.000        0.000                       0                    40  


All user specified timing constraints are met.


------------------------------------------------------------------------------------------------
| Clock Summary
| -------------
------------------------------------------------------------------------------------------------

Clock                        Waveform(ns)         Period(ns)      Frequency(MHz)
-----                        ------------         ----------      --------------
board_clk                    {0.000 5.000}        10.000          100.000         
  clk_out1_ip_clock_div_top  {0.000 100.000}      200.000         5.000           
  clkfbout_ip_clock_div_top  {0.000 25.000}       50.000          20.000          


------------------------------------------------------------------------------------------------
| Intra Clock Table
| -----------------
------------------------------------------------------------------------------------------------

Clock                            WNS(ns)      TNS(ns)  TNS Failing Endpoints  TNS Total Endpoints      WHS(ns)      THS(ns)  THS Failing Endpoints  THS Total Endpoints     WPWS(ns)     TPWS(ns)  TPWS Failing Endpoints  TPWS Total Endpoints  
-----                            -------      -------  ---------------------  -------------------      -------      -------  ---------------------  -------------------     --------     --------  ----------------------  --------------------  
board_clk                                                                                                                                                                      3.000        0.000                       0                     1  
  clk_out1_ip_clock_div_top      194.817        0.000                      0                   34        0.252        0.000                      0                   34       13.360        0.000                       0                    36  
  clkfbout_ip_clock_div_top                                                                                                                                                   47.845        0.000                       0                     3  


------------------------------------------------------------------------------------------------
| Inter Clock Table
| -----------------
------------------------------------------------------------------------------------------------

From Clock    To Clock          WNS(ns)      TNS(ns)  TNS Failing Endpoints  TNS Total Endpoints      WHS(ns)      THS(ns)  THS Failing Endpoints  THS Total Endpoints  
----------    --------          -------      -------  ---------------------  -------------------      -------      -------  ---------------------  -------------------  


------------------------------------------------------------------------------------------------
| Other Path Groups Table
| -----------------------
------------------------------------------------------------------------------------------------

Path Group    From Clock    To Clock          WNS(ns)      TNS(ns)  TNS Failing Endpoints  TNS Total Endpoints      WHS(ns)      THS(ns)  THS Failing Endpoints  THS Total Endpoints  
----------    ----------    --------          -------      -------  ---------------------  -------------------      -------      -------  ---------------------  -------------------  


------------------------------------------------------------------------------------------------
| User Ignored Path Table
| -----------------------
------------------------------------------------------------------------------------------------

Path Group    From Clock    To Clock    
----------    ----------    --------    


------------------------------------------------------------------------------------------------
| Unconstrained Path Table
| ------------------------
------------------------------------------------------------------------------------------------

Path Group                 From Clock                 To Clock                 
----------                 ----------                 --------                 
(none)                                                                           
(none)                                                clk_out1_ip_clock_div_top  


------------------------------------------------------------------------------------------------
| Timing Details
| --------------
------------------------------------------------------------------------------------------------


---------------------------------------------------------------------------------------------------
From Clock:  board_clk
  To Clock:  board_clk

Setup :           NA  Failing Endpoints,  Worst Slack           NA  ,  Total Violation           NA
Hold  :           NA  Failing Endpoints,  Worst Slack           NA  ,  Total Violation           NA
PW    :            0  Failing Endpoints,  Worst Slack        3.000ns,  Total Violation        0.000ns
---------------------------------------------------------------------------------------------------


Pulse Width Checks
--------------------------------------------------------------------------------------
Clock Name:         board_clk
Waveform(ns):       { 0.000 5.000 }
Period(ns):         10.000
Sources:            { board_clk }

Check Type        Corner  Lib Pin            Reference Pin  Required(ns)  Actual(ns)  Slack(ns)  Location         Pin
Min Period        n/a     MMCME2_ADV/CLKIN1  n/a            1.249         10.000      8.751      MMCME2_ADV_X1Y2  clk_5M/inst/mmcm_adv_inst/CLKIN1
Max Period        n/a     MMCME2_ADV/CLKIN1  n/a            100.000       10.000      90.000     MMCME2_ADV_X1Y2  clk_5M/inst/mmcm_adv_inst/CLKIN1
Low Pulse Width   Slow    MMCME2_ADV/CLKIN1  n/a            2.000         5.000       3.000      MMCME2_ADV_X1Y2  clk_5M/inst/mmcm_adv_inst/CLKIN1
Low Pulse Width   Fast    MMCME2_ADV/CLKIN1  n/a            2.000         5.000       3.000      MMCME2_ADV_X1Y2  clk_5M/inst/mmcm_adv_inst/CLKIN1
High Pulse Width  Slow    MMCME2_ADV/CLKIN1  n/a            2.000         5.000       3.000      MMCME2_ADV_X1Y2  clk_5M/inst/mmcm_adv_inst/CLKIN1
High Pulse Width  Fast    MMCME2_ADV/CLKIN1  n/a            2.000         5.000       3.000      MMCME2_ADV_X1Y2  clk_5M/inst/mmcm_adv_inst/CLKIN1



---------------------------------------------------------------------------------------------------
From Clock:  clk_out1_ip_clock_div_top
  To Clock:  clk_out1_ip_clock_div_top

Setup :            0  Failing Endpoints,  Worst Slack      194.817ns,  Total Violation        0.000ns
Hold  :            0  Failing Endpoints,  Worst Slack        0.252ns,  Total Violation        0.000ns
PW    :            0  Failing Endpoints,  Worst Slack       13.360ns,  Total Violation        0.000ns
---------------------------------------------------------------------------------------------------


Max Delay Paths
--------------------------------------------------------------------------------------
Slack (MET) :             194.817ns  (required time - arrival time)
  Source:                 ms_get_clk/clk_counter_reg[3]/C
                            (rising edge-triggered cell FDCE clocked by clk_out1_ip_clock_div_top  {rise@0.000ns fall@100.000ns period=200.000ns})
  Destination:            ms_get_clk/clk_counter_reg[17]/D
                            (rising edge-triggered cell FDCE clocked by clk_out1_ip_clock_div_top  {rise@0.000ns fall@100.000ns period=200.000ns})
  Path Group:             clk_out1_ip_clock_div_top
  Path Type:              Setup (Max at Slow Process Corner)
  Requirement:            200.000ns  (clk_out1_ip_clock_div_top rise@200.000ns - clk_out1_ip_clock_div_top rise@0.000ns)
  Data Path Delay:        4.906ns  (logic 2.842ns (57.932%)  route 2.064ns (42.068%))
  Logic Levels:           9  (CARRY4=7 LUT2=1 LUT3=1)
  Clock Path Skew:        -0.022ns (DCD - SCD + CPR)
    Destination Clock Delay (DCD):    -1.409ns = ( 198.591 - 200.000 ) 
    Source Clock Delay      (SCD):    -0.812ns
    Clock Pessimism Removal (CPR):    0.575ns
  Clock Uncertainty:      0.318ns  ((TSJ^2 + DJ^2)^1/2) / 2 + PE
    Total System Jitter     (TSJ):    0.071ns
    Discrete Jitter          (DJ):    0.631ns
    Phase Error              (PE):    0.000ns

    Location             Delay type                Incr(ns)  Path(ns)    Netlist Resource(s)
  -------------------------------------------------------------------    -------------------
                         (clock clk_out1_ip_clock_div_top rise edge)
                                                      0.000     0.000 r  <hidden>
    E3                                                0.000     0.000 r  board_clk
                         net (fo=0)                   0.000     0.000    clk_5M/inst/clk_in1
    E3                   IBUF (Prop_ibuf_I_O)         1.482     1.482 r  clk_5M/inst/clkin1_ibufg/O
                         net (fo=1, routed)           1.233     2.715    clk_5M/inst/clk_in1_ip_clock_div_top
    MMCME2_ADV_X1Y2      MMCME2_ADV (Prop_mmcme2_adv_CLKIN1_CLKOUT0)
                                                     -7.070    -4.355 r  clk_5M/inst/mmcm_adv_inst/CLKOUT0
                         net (fo=1, routed)           1.719    -2.636    clk_5M/inst/clk_out1_ip_clock_div_top
    BUFGCTRL_X0Y16       BUFG (Prop_bufg_I_O)         0.096    -2.540 r  clk_5M/inst/clkout1_buf/O
                         net (fo=34, routed)          1.728    -0.812    ms_get_clk/clk_out1
    SLICE_X86Y87         FDCE                                         r  ms_get_clk/clk_counter_reg[3]/C
  -------------------------------------------------------------------    -------------------
    SLICE_X86Y87         FDCE (Prop_fdce_C_Q)         0.456    -0.356 r  ms_get_clk/clk_counter_reg[3]/Q
                         net (fo=2, routed)           0.824     0.469    ms_get_clk/clk_counter_reg[3]
    SLICE_X87Y89         LUT3 (Prop_lut3_I0_O)        0.124     0.593 r  ms_get_clk/clk_counter1_carry_i_3/O
                         net (fo=1, routed)           0.000     0.593    ms_get_clk/clk_counter1_carry_i_3_n_0
    SLICE_X87Y89         CARRY4 (Prop_carry4_S[1]_CO[3])
                                                      0.550     1.143 r  ms_get_clk/clk_counter1_carry/CO[3]
                         net (fo=1, routed)           0.000     1.143    ms_get_clk/clk_counter1_carry_n_0
    SLICE_X87Y90         CARRY4 (Prop_carry4_CI_CO[1])
                                                      0.157     1.300 f  ms_get_clk/clk_counter1_carry__0/CO[1]
                         net (fo=20, routed)          1.239     2.539    ms_get_clk/clk_counter1_carry__0_n_2
    SLICE_X86Y87         LUT2 (Prop_lut2_I1_O)        0.329     2.868 r  ms_get_clk/clk_counter[0]_i_6/O
                         net (fo=1, routed)           0.000     2.868    ms_get_clk/clk_counter[0]_i_6_n_0
    SLICE_X86Y87         CARRY4 (Prop_carry4_S[1]_CO[3])
                                                      0.550     3.418 r  ms_get_clk/clk_counter_reg[0]_i_2/CO[3]
                         net (fo=1, routed)           0.000     3.418    ms_get_clk/clk_counter_reg[0]_i_2_n_0
    SLICE_X86Y88         CARRY4 (Prop_carry4_CI_CO[3])
                                                      0.114     3.532 r  ms_get_clk/clk_counter_reg[4]_i_1/CO[3]
                         net (fo=1, routed)           0.000     3.532    ms_get_clk/clk_counter_reg[4]_i_1_n_0
    SLICE_X86Y89         CARRY4 (Prop_carry4_CI_CO[3])
                                                      0.114     3.646 r  ms_get_clk/clk_counter_reg[8]_i_1/CO[3]
                         net (fo=1, routed)           0.000     3.646    ms_get_clk/clk_counter_reg[8]_i_1_n_0
    SLICE_X86Y90         CARRY4 (Prop_carry4_CI_CO[3])
                                                      0.114     3.760 r  ms_get_clk/clk_counter_reg[12]_i_1/CO[3]
                         net (fo=1, routed)           0.000     3.760    ms_get_clk/clk_counter_reg[12]_i_1_n_0
    SLICE_X86Y91         CARRY4 (Prop_carry4_CI_O[1])
                                                      0.334     4.094 r  ms_get_clk/clk_counter_reg[16]_i_1/O[1]
                         net (fo=1, routed)           0.000     4.094    ms_get_clk/clk_counter_reg[16]_i_1_n_6
    SLICE_X86Y91         FDCE                                         r  ms_get_clk/clk_counter_reg[17]/D
  -------------------------------------------------------------------    -------------------

                         (clock clk_out1_ip_clock_div_top rise edge)
                                                    200.000   200.000 r  <hidden>
    E3                                                0.000   200.000 r  board_clk
                         net (fo=0)                   0.000   200.000    clk_5M/inst/clk_in1
    E3                   IBUF (Prop_ibuf_I_O)         1.411   201.411 r  clk_5M/inst/clkin1_ibufg/O
                         net (fo=1, routed)           1.162   202.573    clk_5M/inst/clk_in1_ip_clock_div_top
    MMCME2_ADV_X1Y2      MMCME2_ADV (Prop_mmcme2_adv_CLKIN1_CLKOUT0)
                                                     -7.324   195.249 r  clk_5M/inst/mmcm_adv_inst/CLKOUT0
                         net (fo=1, routed)           1.639   196.888    clk_5M/inst/clk_out1_ip_clock_div_top
    BUFGCTRL_X0Y16       BUFG (Prop_bufg_I_O)         0.091   196.979 r  clk_5M/inst/clkout1_buf/O
                         net (fo=34, routed)          1.611   198.591    ms_get_clk/clk_out1
    SLICE_X86Y91         FDCE                                         r  ms_get_clk/clk_counter_reg[17]/C
                         clock pessimism              0.575   199.166    <hidden>
                         clock uncertainty           -0.318   198.849    <hidden>
    SLICE_X86Y91         FDCE (Setup_fdce_C_D)        0.062   198.911    ms_get_clk/clk_counter_reg[17]
  -------------------------------------------------------------------
                         required time                        198.911    <hidden>
                         arrival time                          -4.094    <hidden>
  -------------------------------------------------------------------
                         slack                                194.817    <hidden>

Slack (MET) :             194.928ns  (required time - arrival time)
  Source:                 ms_get_clk/clk_counter_reg[3]/C
                            (rising edge-triggered cell FDCE clocked by clk_out1_ip_clock_div_top  {rise@0.000ns fall@100.000ns period=200.000ns})
  Destination:            ms_get_clk/clk_counter_reg[16]/D
                            (rising edge-triggered cell FDCE clocked by clk_out1_ip_clock_div_top  {rise@0.000ns fall@100.000ns period=200.000ns})
  Path Group:             clk_out1_ip_clock_div_top
  Path Type:              Setup (Max at Slow Process Corner)
  Requirement:            200.000ns  (clk_out1_ip_clock_div_top rise@200.000ns - clk_out1_ip_clock_div_top rise@0.000ns)
  Data Path Delay:        4.795ns  (logic 2.731ns (56.958%)  route 2.064ns (43.042%))
  Logic Levels:           9  (CARRY4=7 LUT2=1 LUT3=1)
  Clock Path Skew:        -0.022ns (DCD - SCD + CPR)
    Destination Clock Delay (DCD):    -1.409ns = ( 198.591 - 200.000 ) 
    Source Clock Delay      (SCD):    -0.812ns
    Clock Pessimism Removal (CPR):    0.575ns
  Clock Uncertainty:      0.318ns  ((TSJ^2 + DJ^2)^1/2) / 2 + PE
    Total System Jitter     (TSJ):    0.071ns
    Discrete Jitter          (DJ):    0.631ns
    Phase Error              (PE):    0.000ns

    Location             Delay type                Incr(ns)  Path(ns)    Netlist Resource(s)
  -------------------------------------------------------------------    -------------------
                         (clock clk_out1_ip_clock_div_top rise edge)
                                                      0.000     0.000 r  <hidden>
    E3                                                0.000     0.000 r  board_clk
                         net (fo=0)                   0.000     0.000    clk_5M/inst/clk_in1
    E3                   IBUF (Prop_ibuf_I_O)         1.482     1.482 r  clk_5M/inst/clkin1_ibufg/O
                         net (fo=1, routed)           1.233     2.715    clk_5M/inst/clk_in1_ip_clock_div_top
    MMCME2_ADV_X1Y2      MMCME2_ADV (Prop_mmcme2_adv_CLKIN1_CLKOUT0)
                                                     -7.070    -4.355 r  clk_5M/inst/mmcm_adv_inst/CLKOUT0
                         net (fo=1, routed)           1.719    -2.636    clk_5M/inst/clk_out1_ip_clock_div_top
    BUFGCTRL_X0Y16       BUFG (Prop_bufg_I_O)         0.096    -2.540 r  clk_5M/inst/clkout1_buf/O
                         net (fo=34, routed)          1.728    -0.812    ms_get_clk/clk_out1
    SLICE_X86Y87         FDCE                                         r  ms_get_clk/clk_counter_reg[3]/C
  -------------------------------------------------------------------    -------------------
    SLICE_X86Y87         FDCE (Prop_fdce_C_Q)         0.456    -0.356 r  ms_get_clk/clk_counter_reg[3]/Q
                         net (fo=2, routed)           0.824     0.469    ms_get_clk/clk_counter_reg[3]
    SLICE_X87Y89         LUT3 (Prop_lut3_I0_O)        0.124     0.593 r  ms_get_clk/clk_counter1_carry_i_3/O
                         net (fo=1, routed)           0.000     0.593    ms_get_clk/clk_counter1_carry_i_3_n_0
    SLICE_X87Y89         CARRY4 (Prop_carry4_S[1]_CO[3])
                                                      0.550     1.143 r  ms_get_clk/clk_counter1_carry/CO[3]
                         net (fo=1, routed)           0.000     1.143    ms_get_clk/clk_counter1_carry_n_0
    SLICE_X87Y90         CARRY4 (Prop_carry4_CI_CO[1])
                                                      0.157     1.300 f  ms_get_clk/clk_counter1_carry__0/CO[1]
                         net (fo=20, routed)          1.239     2.539    ms_get_clk/clk_counter1_carry__0_n_2
    SLICE_X86Y87         LUT2 (Prop_lut2_I1_O)        0.329     2.868 r  ms_get_clk/clk_counter[0]_i_6/O
                         net (fo=1, routed)           0.000     2.868    ms_get_clk/clk_counter[0]_i_6_n_0
    SLICE_X86Y87         CARRY4 (Prop_carry4_S[1]_CO[3])
                                                      0.550     3.418 r  ms_get_clk/clk_counter_reg[0]_i_2/CO[3]
                         net (fo=1, routed)           0.000     3.418    ms_get_clk/clk_counter_reg[0]_i_2_n_0
    SLICE_X86Y88         CARRY4 (Prop_carry4_CI_CO[3])
                                                      0.114     3.532 r  ms_get_clk/clk_counter_reg[4]_i_1/CO[3]
                         net (fo=1, routed)           0.000     3.532    ms_get_clk/clk_counter_reg[4]_i_1_n_0
    SLICE_X86Y89         CARRY4 (Prop_carry4_CI_CO[3])
                                                      0.114     3.646 r  ms_get_clk/clk_counter_reg[8]_i_1/CO[3]
                         net (fo=1, routed)           0.000     3.646    ms_get_clk/clk_counter_reg[8]_i_1_n_0
    SLICE_X86Y90         CARRY4 (Prop_carry4_CI_CO[3])
                                                      0.114     3.760 r  ms_get_clk/clk_counter_reg[12]_i_1/CO[3]
                         net (fo=1, routed)           0.000     3.760    ms_get_clk/clk_counter_reg[12]_i_1_n_0
    SLICE_X86Y91         CARRY4 (Prop_carry4_CI_O[0])
                                                      0.223     3.983 r  ms_get_clk/clk_counter_reg[16]_i_1/O[0]
                         net (fo=1, routed)           0.000     3.983    ms_get_clk/clk_counter_reg[16]_i_1_n_7
    SLICE_X86Y91         FDCE                                         r  ms_get_clk/clk_counter_reg[16]/D
  -------------------------------------------------------------------    -------------------

                         (clock clk_out1_ip_clock_div_top rise edge)
                                                    200.000   200.000 r  <hidden>
    E3                                                0.000   200.000 r  board_clk
                         net (fo=0)                   0.000   200.000    clk_5M/inst/clk_in1
    E3                   IBUF (Prop_ibuf_I_O)         1.411   201.411 r  clk_5M/inst/clkin1_ibufg/O
                         net (fo=1, routed)           1.162   202.573    clk_5M/inst/clk_in1_ip_clock_div_top
    MMCME2_ADV_X1Y2      MMCME2_ADV (Prop_mmcme2_adv_CLKIN1_CLKOUT0)
                                                     -7.324   195.249 r  clk_5M/inst/mmcm_adv_inst/CLKOUT0
                         net (fo=1, routed)           1.639   196.888    clk_5M/inst/clk_out1_ip_clock_div_top
    BUFGCTRL_X0Y16       BUFG (Prop_bufg_I_O)         0.091   196.979 r  clk_5M/inst/clkout1_buf/O
                         net (fo=34, routed)          1.611   198.591    ms_get_clk/clk_out1
    SLICE_X86Y91         FDCE                                         r  ms_get_clk/clk_counter_reg[16]/C
                         clock pessimism              0.575   199.166    <hidden>
                         clock uncertainty           -0.318   198.849    <hidden>
    SLICE_X86Y91         FDCE (Setup_fdce_C_D)        0.062   198.911    ms_get_clk/clk_counter_reg[16]
  -------------------------------------------------------------------
                         required time                        198.911    <hidden>
                         arrival time                          -3.983    <hidden>
  -------------------------------------------------------------------
                         slack                                194.928    <hidden>

Slack (MET) :             194.930ns  (required time - arrival time)
  Source:                 ms_get_clk/clk_counter_reg[3]/C
                            (rising edge-triggered cell FDCE clocked by clk_out1_ip_clock_div_top  {rise@0.000ns fall@100.000ns period=200.000ns})
  Destination:            ms_get_clk/clk_counter_reg[13]/D
                            (rising edge-triggered cell FDCE clocked by clk_out1_ip_clock_div_top  {rise@0.000ns fall@100.000ns period=200.000ns})
  Path Group:             clk_out1_ip_clock_div_top
  Path Type:              Setup (Max at Slow Process Corner)
  Requirement:            200.000ns  (clk_out1_ip_clock_div_top rise@200.000ns - clk_out1_ip_clock_div_top rise@0.000ns)
  Data Path Delay:        4.792ns  (logic 2.728ns (56.931%)  route 2.064ns (43.069%))
  Logic Levels:           8  (CARRY4=6 LUT2=1 LUT3=1)
  Clock Path Skew:        -0.023ns (DCD - SCD + CPR)
    Destination Clock Delay (DCD):    -1.410ns = ( 198.590 - 200.000 ) 
    Source Clock Delay      (SCD):    -0.812ns
    Clock Pessimism Removal (CPR):    0.575ns
  Clock Uncertainty:      0.318ns  ((TSJ^2 + DJ^2)^1/2) / 2 + PE
    Total System Jitter     (TSJ):    0.071ns
    Discrete Jitter          (DJ):    0.631ns
    Phase Error              (PE):    0.000ns

    Location             Delay type                Incr(ns)  Path(ns)    Netlist Resource(s)
  -------------------------------------------------------------------    -------------------
                         (clock clk_out1_ip_clock_div_top rise edge)
                                                      0.000     0.000 r  <hidden>
    E3                                                0.000     0.000 r  board_clk
                         net (fo=0)                   0.000     0.000    clk_5M/inst/clk_in1
    E3                   IBUF (Prop_ibuf_I_O)         1.482     1.482 r  clk_5M/inst/clkin1_ibufg/O
                         net (fo=1, routed)           1.233     2.715    clk_5M/inst/clk_in1_ip_clock_div_top
    MMCME2_ADV_X1Y2      MMCME2_ADV (Prop_mmcme2_adv_CLKIN1_CLKOUT0)
                                                     -7.070    -4.355 r  clk_5M/inst/mmcm_adv_inst/CLKOUT0
                         net (fo=1, routed)           1.719    -2.636    clk_5M/inst/clk_out1_ip_clock_div_top
    BUFGCTRL_X0Y16       BUFG (Prop_bufg_I_O)         0.096    -2.540 r  clk_5M/inst/clkout1_buf/O
                         net (fo=34, routed)          1.728    -0.812    ms_get_clk/clk_out1
    SLICE_X86Y87         FDCE                                         r  ms_get_clk/clk_counter_reg[3]/C
  -------------------------------------------------------------------    -------------------
    SLICE_X86Y87         FDCE (Prop_fdce_C_Q)         0.456    -0.356 r  ms_get_clk/clk_counter_reg[3]/Q
                         net (fo=2, routed)           0.824     0.469    ms_get_clk/clk_counter_reg[3]
    SLICE_X87Y89         LUT3 (Prop_lut3_I0_O)        0.124     0.593 r  ms_get_clk/clk_counter1_carry_i_3/O
                         net (fo=1, routed)           0.000     0.593    ms_get_clk/clk_counter1_carry_i_3_n_0
    SLICE_X87Y89         CARRY4 (Prop_carry4_S[1]_CO[3])
                                                      0.550     1.143 r  ms_get_clk/clk_counter1_carry/CO[3]
                         net (fo=1, routed)           0.000     1.143    ms_get_clk/clk_counter1_carry_n_0
    SLICE_X87Y90         CARRY4 (Prop_carry4_CI_CO[1])
                                                      0.157     1.300 f  ms_get_clk/clk_counter1_carry__0/CO[1]
                         net (fo=20, routed)          1.239     2.539    ms_get_clk/clk_counter1_carry__0_n_2
    SLICE_X86Y87         LUT2 (Prop_lut2_I1_O)        0.329     2.868 r  ms_get_clk/clk_counter[0]_i_6/O
                         net (fo=1, routed)           0.000     2.868    ms_get_clk/clk_counter[0]_i_6_n_0
    SLICE_X86Y87         CARRY4 (Prop_carry4_S[1]_CO[3])
                                                      0.550     3.418 r  ms_get_clk/clk_counter_reg[0]_i_2/CO[3]
                         net (fo=1, routed)           0.000     3.418    ms_get_clk/clk_counter_reg[0]_i_2_n_0
    SLICE_X86Y88         CARRY4 (Prop_carry4_CI_CO[3])
                                                      0.114     3.532 r  ms_get_clk/clk_counter_reg[4]_i_1/CO[3]
                         net (fo=1, routed)           0.000     3.532    ms_get_clk/clk_counter_reg[4]_i_1_n_0
    SLICE_X86Y89         CARRY4 (Prop_carry4_CI_CO[3])
                                                      0.114     3.646 r  ms_get_clk/clk_counter_reg[8]_i_1/CO[3]
                         net (fo=1, routed)           0.000     3.646    ms_get_clk/clk_counter_reg[8]_i_1_n_0
    SLICE_X86Y90         CARRY4 (Prop_carry4_CI_O[1])
                                                      0.334     3.980 r  ms_get_clk/clk_counter_reg[12]_i_1/O[1]
                         net (fo=1, routed)           0.000     3.980    ms_get_clk/clk_counter_reg[12]_i_1_n_6
    SLICE_X86Y90         FDCE                                         r  ms_get_clk/clk_counter_reg[13]/D
  -------------------------------------------------------------------    -------------------

                         (clock clk_out1_ip_clock_div_top rise edge)
                                                    200.000   200.000 r  <hidden>
    E3                                                0.000   200.000 r  board_clk
                         net (fo=0)                   0.000   200.000    clk_5M/inst/clk_in1
    E3                   IBUF (Prop_ibuf_I_O)         1.411   201.411 r  clk_5M/inst/clkin1_ibufg/O
                         net (fo=1, routed)           1.162   202.573    clk_5M/inst/clk_in1_ip_clock_div_top
    MMCME2_ADV_X1Y2      MMCME2_ADV (Prop_mmcme2_adv_CLKIN1_CLKOUT0)
                                                     -7.324   195.249 r  clk_5M/inst/mmcm_adv_inst/CLKOUT0
                         net (fo=1, routed)           1.639   196.888    clk_5M/inst/clk_out1_ip_clock_div_top
    BUFGCTRL_X0Y16       BUFG (Prop_bufg_I_O)         0.091   196.979 r  clk_5M/inst/clkout1_buf/O
                         net (fo=34, routed)          1.610   198.590    ms_get_clk/clk_out1
    SLICE_X86Y90         FDCE                                         r  ms_get_clk/clk_counter_reg[13]/C
                         clock pessimism              0.575   199.165    <hidden>
                         clock uncertainty           -0.318   198.848    <hidden>
    SLICE_X86Y90         FDCE (Setup_fdce_C_D)        0.062   198.910    ms_get_clk/clk_counter_reg[13]
  -------------------------------------------------------------------
                         required time                        198.910    <hidden>
                         arrival time                          -3.980    <hidden>
  -------------------------------------------------------------------
                         slack                                194.930    <hidden>

Slack (MET) :             194.951ns  (required time - arrival time)
  Source:                 ms_get_clk/clk_counter_reg[3]/C
                            (rising edge-triggered cell FDCE clocked by clk_out1_ip_clock_div_top  {rise@0.000ns fall@100.000ns period=200.000ns})
  Destination:            ms_get_clk/clk_counter_reg[15]/D
                            (rising edge-triggered cell FDCE clocked by clk_out1_ip_clock_div_top  {rise@0.000ns fall@100.000ns period=200.000ns})
  Path Group:             clk_out1_ip_clock_div_top
  Path Type:              Setup (Max at Slow Process Corner)
  Requirement:            200.000ns  (clk_out1_ip_clock_div_top rise@200.000ns - clk_out1_ip_clock_div_top rise@0.000ns)
  Data Path Delay:        4.771ns  (logic 2.707ns (56.742%)  route 2.064ns (43.258%))
  Logic Levels:           8  (CARRY4=6 LUT2=1 LUT3=1)
  Clock Path Skew:        -0.023ns (DCD - SCD + CPR)
    Destination Clock Delay (DCD):    -1.410ns = ( 198.590 - 200.000 ) 
    Source Clock Delay      (SCD):    -0.812ns
    Clock Pessimism Removal (CPR):    0.575ns
  Clock Uncertainty:      0.318ns  ((TSJ^2 + DJ^2)^1/2) / 2 + PE
    Total System Jitter     (TSJ):    0.071ns
    Discrete Jitter          (DJ):    0.631ns
    Phase Error              (PE):    0.000ns

    Location             Delay type                Incr(ns)  Path(ns)    Netlist Resource(s)
  -------------------------------------------------------------------    -------------------
                         (clock clk_out1_ip_clock_div_top rise edge)
                                                      0.000     0.000 r  <hidden>
    E3                                                0.000     0.000 r  board_clk
                         net (fo=0)                   0.000     0.000    clk_5M/inst/clk_in1
    E3                   IBUF (Prop_ibuf_I_O)         1.482     1.482 r  clk_5M/inst/clkin1_ibufg/O
                         net (fo=1, routed)           1.233     2.715    clk_5M/inst/clk_in1_ip_clock_div_top
    MMCME2_ADV_X1Y2      MMCME2_ADV (Prop_mmcme2_adv_CLKIN1_CLKOUT0)
                                                     -7.070    -4.355 r  clk_5M/inst/mmcm_adv_inst/CLKOUT0
                         net (fo=1, routed)           1.719    -2.636    clk_5M/inst/clk_out1_ip_clock_div_top
    BUFGCTRL_X0Y16       BUFG (Prop_bufg_I_O)         0.096    -2.540 r  clk_5M/inst/clkout1_buf/O
                         net (fo=34, routed)          1.728    -0.812    ms_get_clk/clk_out1
    SLICE_X86Y87         FDCE                                         r  ms_get_clk/clk_counter_reg[3]/C
  -------------------------------------------------------------------    -------------------
    SLICE_X86Y87         FDCE (Prop_fdce_C_Q)         0.456    -0.356 r  ms_get_clk/clk_counter_reg[3]/Q
                         net (fo=2, routed)           0.824     0.469    ms_get_clk/clk_counter_reg[3]
    SLICE_X87Y89         LUT3 (Prop_lut3_I0_O)        0.124     0.593 r  ms_get_clk/clk_counter1_carry_i_3/O
                         net (fo=1, routed)           0.000     0.593    ms_get_clk/clk_counter1_carry_i_3_n_0
    SLICE_X87Y89         CARRY4 (Prop_carry4_S[1]_CO[3])
                                                      0.550     1.143 r  ms_get_clk/clk_counter1_carry/CO[3]
                         net (fo=1, routed)           0.000     1.143    ms_get_clk/clk_counter1_carry_n_0
    SLICE_X87Y90         CARRY4 (Prop_carry4_CI_CO[1])
                                                      0.157     1.300 f  ms_get_clk/clk_counter1_carry__0/CO[1]
                         net (fo=20, routed)          1.239     2.539    ms_get_clk/clk_counter1_carry__0_n_2
    SLICE_X86Y87         LUT2 (Prop_lut2_I1_O)        0.329     2.868 r  ms_get_clk/clk_counter[0]_i_6/O
                         net (fo=1, routed)           0.000     2.868    ms_get_clk/clk_counter[0]_i_6_n_0
    SLICE_X86Y87         CARRY4 (Prop_carry4_S[1]_CO[3])
                                                      0.550     3.418 r  ms_get_clk/clk_counter_reg[0]_i_2/CO[3]
                         net (fo=1, routed)           0.000     3.418    ms_get_clk/clk_counter_reg[0]_i_2_n_0
    SLICE_X86Y88         CARRY4 (Prop_carry4_CI_CO[3])
                                                      0.114     3.532 r  ms_get_clk/clk_counter_reg[4]_i_1/CO[3]
                         net (fo=1, routed)           0.000     3.532    ms_get_clk/clk_counter_reg[4]_i_1_n_0
    SLICE_X86Y89         CARRY4 (Prop_carry4_CI_CO[3])
                                                      0.114     3.646 r  ms_get_clk/clk_counter_reg[8]_i_1/CO[3]
                         net (fo=1, routed)           0.000     3.646    ms_get_clk/clk_counter_reg[8]_i_1_n_0
    SLICE_X86Y90         CARRY4 (Prop_carry4_CI_O[3])
                                                      0.313     3.959 r  ms_get_clk/clk_counter_reg[12]_i_1/O[3]
                         net (fo=1, routed)           0.000     3.959    ms_get_clk/clk_counter_reg[12]_i_1_n_4
    SLICE_X86Y90         FDCE                                         r  ms_get_clk/clk_counter_reg[15]/D
  -------------------------------------------------------------------    -------------------

                         (clock clk_out1_ip_clock_div_top rise edge)
                                                    200.000   200.000 r  <hidden>
    E3                                                0.000   200.000 r  board_clk
                         net (fo=0)                   0.000   200.000    clk_5M/inst/clk_in1
    E3                   IBUF (Prop_ibuf_I_O)         1.411   201.411 r  clk_5M/inst/clkin1_ibufg/O
                         net (fo=1, routed)           1.162   202.573    clk_5M/inst/clk_in1_ip_clock_div_top
    MMCME2_ADV_X1Y2      MMCME2_ADV (Prop_mmcme2_adv_CLKIN1_CLKOUT0)
                                                     -7.324   195.249 r  clk_5M/inst/mmcm_adv_inst/CLKOUT0
                         net (fo=1, routed)           1.639   196.888    clk_5M/inst/clk_out1_ip_clock_div_top
    BUFGCTRL_X0Y16       BUFG (Prop_bufg_I_O)         0.091   196.979 r  clk_5M/inst/clkout1_buf/O
                         net (fo=34, routed)          1.610   198.590    ms_get_clk/clk_out1
    SLICE_X86Y90         FDCE                                         r  ms_get_clk/clk_counter_reg[15]/C
                         clock pessimism              0.575   199.165    <hidden>
                         clock uncertainty           -0.318   198.848    <hidden>
    SLICE_X86Y90         FDCE (Setup_fdce_C_D)        0.062   198.910    ms_get_clk/clk_counter_reg[15]
  -------------------------------------------------------------------
                         required time                        198.910    <hidden>
                         arrival time                          -3.959    <hidden>
  -------------------------------------------------------------------
                         slack                                194.951    <hidden>

Slack (MET) :             195.025ns  (required time - arrival time)
  Source:                 ms_get_clk/clk_counter_reg[3]/C
                            (rising edge-triggered cell FDCE clocked by clk_out1_ip_clock_div_top  {rise@0.000ns fall@100.000ns period=200.000ns})
  Destination:            ms_get_clk/clk_counter_reg[14]/D
                            (rising edge-triggered cell FDCE clocked by clk_out1_ip_clock_div_top  {rise@0.000ns fall@100.000ns period=200.000ns})
  Path Group:             clk_out1_ip_clock_div_top
  Path Type:              Setup (Max at Slow Process Corner)
  Requirement:            200.000ns  (clk_out1_ip_clock_div_top rise@200.000ns - clk_out1_ip_clock_div_top rise@0.000ns)
  Data Path Delay:        4.697ns  (logic 2.633ns (56.060%)  route 2.064ns (43.940%))
  Logic Levels:           8  (CARRY4=6 LUT2=1 LUT3=1)
  Clock Path Skew:        -0.023ns (DCD - SCD + CPR)
    Destination Clock Delay (DCD):    -1.410ns = ( 198.590 - 200.000 ) 
    Source Clock Delay      (SCD):    -0.812ns
    Clock Pessimism Removal (CPR):    0.575ns
  Clock Uncertainty:      0.318ns  ((TSJ^2 + DJ^2)^1/2) / 2 + PE
    Total System Jitter     (TSJ):    0.071ns
    Discrete Jitter          (DJ):    0.631ns
    Phase Error              (PE):    0.000ns

    Location             Delay type                Incr(ns)  Path(ns)    Netlist Resource(s)
  -------------------------------------------------------------------    -------------------
                         (clock clk_out1_ip_clock_div_top rise edge)
                                                      0.000     0.000 r  <hidden>
    E3                                                0.000     0.000 r  board_clk
                         net (fo=0)                   0.000     0.000    clk_5M/inst/clk_in1
    E3                   IBUF (Prop_ibuf_I_O)         1.482     1.482 r  clk_5M/inst/clkin1_ibufg/O
                         net (fo=1, routed)           1.233     2.715    clk_5M/inst/clk_in1_ip_clock_div_top
    MMCME2_ADV_X1Y2      MMCME2_ADV (Prop_mmcme2_adv_CLKIN1_CLKOUT0)
                                                     -7.070    -4.355 r  clk_5M/inst/mmcm_adv_inst/CLKOUT0
                         net (fo=1, routed)           1.719    -2.636    clk_5M/inst/clk_out1_ip_clock_div_top
    BUFGCTRL_X0Y16       BUFG (Prop_bufg_I_O)         0.096    -2.540 r  clk_5M/inst/clkout1_buf/O
                         net (fo=34, routed)          1.728    -0.812    ms_get_clk/clk_out1
    SLICE_X86Y87         FDCE                                         r  ms_get_clk/clk_counter_reg[3]/C
  -------------------------------------------------------------------    -------------------
    SLICE_X86Y87         FDCE (Prop_fdce_C_Q)         0.456    -0.356 r  ms_get_clk/clk_counter_reg[3]/Q
                         net (fo=2, routed)           0.824     0.469    ms_get_clk/clk_counter_reg[3]
    SLICE_X87Y89         LUT3 (Prop_lut3_I0_O)        0.124     0.593 r  ms_get_clk/clk_counter1_carry_i_3/O
                         net (fo=1, routed)           0.000     0.593    ms_get_clk/clk_counter1_carry_i_3_n_0
    SLICE_X87Y89         CARRY4 (Prop_carry4_S[1]_CO[3])
                                                      0.550     1.143 r  ms_get_clk/clk_counter1_carry/CO[3]
                         net (fo=1, routed)           0.000     1.143    ms_get_clk/clk_counter1_carry_n_0
    SLICE_X87Y90         CARRY4 (Prop_carry4_CI_CO[1])
                                                      0.157     1.300 f  ms_get_clk/clk_counter1_carry__0/CO[1]
                         net (fo=20, routed)          1.239     2.539    ms_get_clk/clk_counter1_carry__0_n_2
    SLICE_X86Y87         LUT2 (Prop_lut2_I1_O)        0.329     2.868 r  ms_get_clk/clk_counter[0]_i_6/O
                         net (fo=1, routed)           0.000     2.868    ms_get_clk/clk_counter[0]_i_6_n_0
    SLICE_X86Y87         CARRY4 (Prop_carry4_S[1]_CO[3])
                                                      0.550     3.418 r  ms_get_clk/clk_counter_reg[0]_i_2/CO[3]
                         net (fo=1, routed)           0.000     3.418    ms_get_clk/clk_counter_reg[0]_i_2_n_0
    SLICE_X86Y88         CARRY4 (Prop_carry4_CI_CO[3])
                                                      0.114     3.532 r  ms_get_clk/clk_counter_reg[4]_i_1/CO[3]
                         net (fo=1, routed)           0.000     3.532    ms_get_clk/clk_counter_reg[4]_i_1_n_0
    SLICE_X86Y89         CARRY4 (Prop_carry4_CI_CO[3])
                                                      0.114     3.646 r  ms_get_clk/clk_counter_reg[8]_i_1/CO[3]
                         net (fo=1, routed)           0.000     3.646    ms_get_clk/clk_counter_reg[8]_i_1_n_0
    SLICE_X86Y90         CARRY4 (Prop_carry4_CI_O[2])
                                                      0.239     3.885 r  ms_get_clk/clk_counter_reg[12]_i_1/O[2]
                         net (fo=1, routed)           0.000     3.885    ms_get_clk/clk_counter_reg[12]_i_1_n_5
    SLICE_X86Y90         FDCE                                         r  ms_get_clk/clk_counter_reg[14]/D
  -------------------------------------------------------------------    -------------------

                         (clock clk_out1_ip_clock_div_top rise edge)
                                                    200.000   200.000 r  <hidden>
    E3                                                0.000   200.000 r  board_clk
                         net (fo=0)                   0.000   200.000    clk_5M/inst/clk_in1
    E3                   IBUF (Prop_ibuf_I_O)         1.411   201.411 r  clk_5M/inst/clkin1_ibufg/O
                         net (fo=1, routed)           1.162   202.573    clk_5M/inst/clk_in1_ip_clock_div_top
    MMCME2_ADV_X1Y2      MMCME2_ADV (Prop_mmcme2_adv_CLKIN1_CLKOUT0)
                                                     -7.324   195.249 r  clk_5M/inst/mmcm_adv_inst/CLKOUT0
                         net (fo=1, routed)           1.639   196.888    clk_5M/inst/clk_out1_ip_clock_div_top
    BUFGCTRL_X0Y16       BUFG (Prop_bufg_I_O)         0.091   196.979 r  clk_5M/inst/clkout1_buf/O
                         net (fo=34, routed)          1.610   198.590    ms_get_clk/clk_out1
    SLICE_X86Y90         FDCE                                         r  ms_get_clk/clk_counter_reg[14]/C
                         clock pessimism              0.575   199.165    <hidden>
                         clock uncertainty           -0.318   198.848    <hidden>
    SLICE_X86Y90         FDCE (Setup_fdce_C_D)        0.062   198.910    ms_get_clk/clk_counter_reg[14]
  -------------------------------------------------------------------
                         required time                        198.910    <hidden>
                         arrival time                          -3.885    <hidden>
  -------------------------------------------------------------------
                         slack                                195.025    <hidden>

Slack (MET) :             195.041ns  (required time - arrival time)
  Source:                 ms_get_clk/clk_counter_reg[3]/C
                            (rising edge-triggered cell FDCE clocked by clk_out1_ip_clock_div_top  {rise@0.000ns fall@100.000ns period=200.000ns})
  Destination:            ms_get_clk/clk_counter_reg[12]/D
                            (rising edge-triggered cell FDCE clocked by clk_out1_ip_clock_div_top  {rise@0.000ns fall@100.000ns period=200.000ns})
  Path Group:             clk_out1_ip_clock_div_top
  Path Type:              Setup (Max at Slow Process Corner)
  Requirement:            200.000ns  (clk_out1_ip_clock_div_top rise@200.000ns - clk_out1_ip_clock_div_top rise@0.000ns)
  Data Path Delay:        4.681ns  (logic 2.617ns (55.910%)  route 2.064ns (44.090%))
  Logic Levels:           8  (CARRY4=6 LUT2=1 LUT3=1)
  Clock Path Skew:        -0.023ns (DCD - SCD + CPR)
    Destination Clock Delay (DCD):    -1.410ns = ( 198.590 - 200.000 ) 
    Source Clock Delay      (SCD):    -0.812ns
    Clock Pessimism Removal (CPR):    0.575ns
  Clock Uncertainty:      0.318ns  ((TSJ^2 + DJ^2)^1/2) / 2 + PE
    Total System Jitter     (TSJ):    0.071ns
    Discrete Jitter          (DJ):    0.631ns
    Phase Error              (PE):    0.000ns

    Location             Delay type                Incr(ns)  Path(ns)    Netlist Resource(s)
  -------------------------------------------------------------------    -------------------
                         (clock clk_out1_ip_clock_div_top rise edge)
                                                      0.000     0.000 r  <hidden>
    E3                                                0.000     0.000 r  board_clk
                         net (fo=0)                   0.000     0.000    clk_5M/inst/clk_in1
    E3                   IBUF (Prop_ibuf_I_O)         1.482     1.482 r  clk_5M/inst/clkin1_ibufg/O
                         net (fo=1, routed)           1.233     2.715    clk_5M/inst/clk_in1_ip_clock_div_top
    MMCME2_ADV_X1Y2      MMCME2_ADV (Prop_mmcme2_adv_CLKIN1_CLKOUT0)
                                                     -7.070    -4.355 r  clk_5M/inst/mmcm_adv_inst/CLKOUT0
                         net (fo=1, routed)           1.719    -2.636    clk_5M/inst/clk_out1_ip_clock_div_top
    BUFGCTRL_X0Y16       BUFG (Prop_bufg_I_O)         0.096    -2.540 r  clk_5M/inst/clkout1_buf/O
                         net (fo=34, routed)          1.728    -0.812    ms_get_clk/clk_out1
    SLICE_X86Y87         FDCE                                         r  ms_get_clk/clk_counter_reg[3]/C
  -------------------------------------------------------------------    -------------------
    SLICE_X86Y87         FDCE (Prop_fdce_C_Q)         0.456    -0.356 r  ms_get_clk/clk_counter_reg[3]/Q
                         net (fo=2, routed)           0.824     0.469    ms_get_clk/clk_counter_reg[3]
    SLICE_X87Y89         LUT3 (Prop_lut3_I0_O)        0.124     0.593 r  ms_get_clk/clk_counter1_carry_i_3/O
                         net (fo=1, routed)           0.000     0.593    ms_get_clk/clk_counter1_carry_i_3_n_0
    SLICE_X87Y89         CARRY4 (Prop_carry4_S[1]_CO[3])
                                                      0.550     1.143 r  ms_get_clk/clk_counter1_carry/CO[3]
                         net (fo=1, routed)           0.000     1.143    ms_get_clk/clk_counter1_carry_n_0
    SLICE_X87Y90         CARRY4 (Prop_carry4_CI_CO[1])
                                                      0.157     1.300 f  ms_get_clk/clk_counter1_carry__0/CO[1]
                         net (fo=20, routed)          1.239     2.539    ms_get_clk/clk_counter1_carry__0_n_2
    SLICE_X86Y87         LUT2 (Prop_lut2_I1_O)        0.329     2.868 r  ms_get_clk/clk_counter[0]_i_6/O
                         net (fo=1, routed)           0.000     2.868    ms_get_clk/clk_counter[0]_i_6_n_0
    SLICE_X86Y87         CARRY4 (Prop_carry4_S[1]_CO[3])
                                                      0.550     3.418 r  ms_get_clk/clk_counter_reg[0]_i_2/CO[3]
                         net (fo=1, routed)           0.000     3.418    ms_get_clk/clk_counter_reg[0]_i_2_n_0
    SLICE_X86Y88         CARRY4 (Prop_carry4_CI_CO[3])
                                                      0.114     3.532 r  ms_get_clk/clk_counter_reg[4]_i_1/CO[3]
                         net (fo=1, routed)           0.000     3.532    ms_get_clk/clk_counter_reg[4]_i_1_n_0
    SLICE_X86Y89         CARRY4 (Prop_carry4_CI_CO[3])
                                                      0.114     3.646 r  ms_get_clk/clk_counter_reg[8]_i_1/CO[3]
                         net (fo=1, routed)           0.000     3.646    ms_get_clk/clk_counter_reg[8]_i_1_n_0
    SLICE_X86Y90         CARRY4 (Prop_carry4_CI_O[0])
                                                      0.223     3.869 r  ms_get_clk/clk_counter_reg[12]_i_1/O[0]
                         net (fo=1, routed)           0.000     3.869    ms_get_clk/clk_counter_reg[12]_i_1_n_7
    SLICE_X86Y90         FDCE                                         r  ms_get_clk/clk_counter_reg[12]/D
  -------------------------------------------------------------------    -------------------

                         (clock clk_out1_ip_clock_div_top rise edge)
                                                    200.000   200.000 r  <hidden>
    E3                                                0.000   200.000 r  board_clk
                         net (fo=0)                   0.000   200.000    clk_5M/inst/clk_in1
    E3                   IBUF (Prop_ibuf_I_O)         1.411   201.411 r  clk_5M/inst/clkin1_ibufg/O
                         net (fo=1, routed)           1.162   202.573    clk_5M/inst/clk_in1_ip_clock_div_top
    MMCME2_ADV_X1Y2      MMCME2_ADV (Prop_mmcme2_adv_CLKIN1_CLKOUT0)
                                                     -7.324   195.249 r  clk_5M/inst/mmcm_adv_inst/CLKOUT0
                         net (fo=1, routed)           1.639   196.888    clk_5M/inst/clk_out1_ip_clock_div_top
    BUFGCTRL_X0Y16       BUFG (Prop_bufg_I_O)         0.091   196.979 r  clk_5M/inst/clkout1_buf/O
                         net (fo=34, routed)          1.610   198.590    ms_get_clk/clk_out1
    SLICE_X86Y90         FDCE                                         r  ms_get_clk/clk_counter_reg[12]/C
                         clock pessimism              0.575   199.165    <hidden>
                         clock uncertainty           -0.318   198.848    <hidden>
    SLICE_X86Y90         FDCE (Setup_fdce_C_D)        0.062   198.910    ms_get_clk/clk_counter_reg[12]
  -------------------------------------------------------------------
                         required time                        198.910    <hidden>
                         arrival time                          -3.869    <hidden>
  -------------------------------------------------------------------
                         slack                                195.041    <hidden>

Slack (MET) :             195.044ns  (required time - arrival time)
  Source:                 ms_get_clk/clk_counter_reg[3]/C
                            (rising edge-triggered cell FDCE clocked by clk_out1_ip_clock_div_top  {rise@0.000ns fall@100.000ns period=200.000ns})
  Destination:            ms_get_clk/clk_counter_reg[9]/D
                            (rising edge-triggered cell FDCE clocked by clk_out1_ip_clock_div_top  {rise@0.000ns fall@100.000ns period=200.000ns})
  Path Group:             clk_out1_ip_clock_div_top
  Path Type:              Setup (Max at Slow Process Corner)
  Requirement:            200.000ns  (clk_out1_ip_clock_div_top rise@200.000ns - clk_out1_ip_clock_div_top rise@0.000ns)
  Data Path Delay:        4.678ns  (logic 2.614ns (55.882%)  route 2.064ns (44.118%))
  Logic Levels:           7  (CARRY4=5 LUT2=1 LUT3=1)
  Clock Path Skew:        -0.023ns (DCD - SCD + CPR)
    Destination Clock Delay (DCD):    -1.410ns = ( 198.590 - 200.000 ) 
    Source Clock Delay      (SCD):    -0.812ns
    Clock Pessimism Removal (CPR):    0.575ns
  Clock Uncertainty:      0.318ns  ((TSJ^2 + DJ^2)^1/2) / 2 + PE
    Total System Jitter     (TSJ):    0.071ns
    Discrete Jitter          (DJ):    0.631ns
    Phase Error              (PE):    0.000ns

    Location             Delay type                Incr(ns)  Path(ns)    Netlist Resource(s)
  -------------------------------------------------------------------    -------------------
                         (clock clk_out1_ip_clock_div_top rise edge)
                                                      0.000     0.000 r  <hidden>
    E3                                                0.000     0.000 r  board_clk
                         net (fo=0)                   0.000     0.000    clk_5M/inst/clk_in1
    E3                   IBUF (Prop_ibuf_I_O)         1.482     1.482 r  clk_5M/inst/clkin1_ibufg/O
                         net (fo=1, routed)           1.233     2.715    clk_5M/inst/clk_in1_ip_clock_div_top
    MMCME2_ADV_X1Y2      MMCME2_ADV (Prop_mmcme2_adv_CLKIN1_CLKOUT0)
                                                     -7.070    -4.355 r  clk_5M/inst/mmcm_adv_inst/CLKOUT0
                         net (fo=1, routed)           1.719    -2.636    clk_5M/inst/clk_out1_ip_clock_div_top
    BUFGCTRL_X0Y16       BUFG (Prop_bufg_I_O)         0.096    -2.540 r  clk_5M/inst/clkout1_buf/O
                         net (fo=34, routed)          1.728    -0.812    ms_get_clk/clk_out1
    SLICE_X86Y87         FDCE                                         r  ms_get_clk/clk_counter_reg[3]/C
  -------------------------------------------------------------------    -------------------
    SLICE_X86Y87         FDCE (Prop_fdce_C_Q)         0.456    -0.356 r  ms_get_clk/clk_counter_reg[3]/Q
                         net (fo=2, routed)           0.824     0.469    ms_get_clk/clk_counter_reg[3]
    SLICE_X87Y89         LUT3 (Prop_lut3_I0_O)        0.124     0.593 r  ms_get_clk/clk_counter1_carry_i_3/O
                         net (fo=1, routed)           0.000     0.593    ms_get_clk/clk_counter1_carry_i_3_n_0
    SLICE_X87Y89         CARRY4 (Prop_carry4_S[1]_CO[3])
                                                      0.550     1.143 r  ms_get_clk/clk_counter1_carry/CO[3]
                         net (fo=1, routed)           0.000     1.143    ms_get_clk/clk_counter1_carry_n_0
    SLICE_X87Y90         CARRY4 (Prop_carry4_CI_CO[1])
                                                      0.157     1.300 f  ms_get_clk/clk_counter1_carry__0/CO[1]
                         net (fo=20, routed)          1.239     2.539    ms_get_clk/clk_counter1_carry__0_n_2
    SLICE_X86Y87         LUT2 (Prop_lut2_I1_O)        0.329     2.868 r  ms_get_clk/clk_counter[0]_i_6/O
                         net (fo=1, routed)           0.000     2.868    ms_get_clk/clk_counter[0]_i_6_n_0
    SLICE_X86Y87         CARRY4 (Prop_carry4_S[1]_CO[3])
                                                      0.550     3.418 r  ms_get_clk/clk_counter_reg[0]_i_2/CO[3]
                         net (fo=1, routed)           0.000     3.418    ms_get_clk/clk_counter_reg[0]_i_2_n_0
    SLICE_X86Y88         CARRY4 (Prop_carry4_CI_CO[3])
                                                      0.114     3.532 r  ms_get_clk/clk_counter_reg[4]_i_1/CO[3]
                         net (fo=1, routed)           0.000     3.532    ms_get_clk/clk_counter_reg[4]_i_1_n_0
    SLICE_X86Y89         CARRY4 (Prop_carry4_CI_O[1])
                                                      0.334     3.866 r  ms_get_clk/clk_counter_reg[8]_i_1/O[1]
                         net (fo=1, routed)           0.000     3.866    ms_get_clk/clk_counter_reg[8]_i_1_n_6
    SLICE_X86Y89         FDCE                                         r  ms_get_clk/clk_counter_reg[9]/D
  -------------------------------------------------------------------    -------------------

                         (clock clk_out1_ip_clock_div_top rise edge)
                                                    200.000   200.000 r  <hidden>
    E3                                                0.000   200.000 r  board_clk
                         net (fo=0)                   0.000   200.000    clk_5M/inst/clk_in1
    E3                   IBUF (Prop_ibuf_I_O)         1.411   201.411 r  clk_5M/inst/clkin1_ibufg/O
                         net (fo=1, routed)           1.162   202.573    clk_5M/inst/clk_in1_ip_clock_div_top
    MMCME2_ADV_X1Y2      MMCME2_ADV (Prop_mmcme2_adv_CLKIN1_CLKOUT0)
                                                     -7.324   195.249 r  clk_5M/inst/mmcm_adv_inst/CLKOUT0
                         net (fo=1, routed)           1.639   196.888    clk_5M/inst/clk_out1_ip_clock_div_top
    BUFGCTRL_X0Y16       BUFG (Prop_bufg_I_O)         0.091   196.979 r  clk_5M/inst/clkout1_buf/O
                         net (fo=34, routed)          1.610   198.590    ms_get_clk/clk_out1
    SLICE_X86Y89         FDCE                                         r  ms_get_clk/clk_counter_reg[9]/C
                         clock pessimism              0.575   199.165    <hidden>
                         clock uncertainty           -0.318   198.848    <hidden>
    SLICE_X86Y89         FDCE (Setup_fdce_C_D)        0.062   198.910    ms_get_clk/clk_counter_reg[9]
  -------------------------------------------------------------------
                         required time                        198.910    <hidden>
                         arrival time                          -3.866    <hidden>
  -------------------------------------------------------------------
                         slack                                195.044    <hidden>

Slack (MET) :             195.065ns  (required time - arrival time)
  Source:                 ms_get_clk/clk_counter_reg[3]/C
                            (rising edge-triggered cell FDCE clocked by clk_out1_ip_clock_div_top  {rise@0.000ns fall@100.000ns period=200.000ns})
  Destination:            ms_get_clk/clk_counter_reg[11]/D
                            (rising edge-triggered cell FDCE clocked by clk_out1_ip_clock_div_top  {rise@0.000ns fall@100.000ns period=200.000ns})
  Path Group:             clk_out1_ip_clock_div_top
  Path Type:              Setup (Max at Slow Process Corner)
  Requirement:            200.000ns  (clk_out1_ip_clock_div_top rise@200.000ns - clk_out1_ip_clock_div_top rise@0.000ns)
  Data Path Delay:        4.657ns  (logic 2.593ns (55.683%)  route 2.064ns (44.317%))
  Logic Levels:           7  (CARRY4=5 LUT2=1 LUT3=1)
  Clock Path Skew:        -0.023ns (DCD - SCD + CPR)
    Destination Clock Delay (DCD):    -1.410ns = ( 198.590 - 200.000 ) 
    Source Clock Delay      (SCD):    -0.812ns
    Clock Pessimism Removal (CPR):    0.575ns
  Clock Uncertainty:      0.318ns  ((TSJ^2 + DJ^2)^1/2) / 2 + PE
    Total System Jitter     (TSJ):    0.071ns
    Discrete Jitter          (DJ):    0.631ns
    Phase Error              (PE):    0.000ns

    Location             Delay type                Incr(ns)  Path(ns)    Netlist Resource(s)
  -------------------------------------------------------------------    -------------------
                         (clock clk_out1_ip_clock_div_top rise edge)
                                                      0.000     0.000 r  <hidden>
    E3                                                0.000     0.000 r  board_clk
                         net (fo=0)                   0.000     0.000    clk_5M/inst/clk_in1
    E3                   IBUF (Prop_ibuf_I_O)         1.482     1.482 r  clk_5M/inst/clkin1_ibufg/O
                         net (fo=1, routed)           1.233     2.715    clk_5M/inst/clk_in1_ip_clock_div_top
    MMCME2_ADV_X1Y2      MMCME2_ADV (Prop_mmcme2_adv_CLKIN1_CLKOUT0)
                                                     -7.070    -4.355 r  clk_5M/inst/mmcm_adv_inst/CLKOUT0
                         net (fo=1, routed)           1.719    -2.636    clk_5M/inst/clk_out1_ip_clock_div_top
    BUFGCTRL_X0Y16       BUFG (Prop_bufg_I_O)         0.096    -2.540 r  clk_5M/inst/clkout1_buf/O
                         net (fo=34, routed)          1.728    -0.812    ms_get_clk/clk_out1
    SLICE_X86Y87         FDCE                                         r  ms_get_clk/clk_counter_reg[3]/C
  -------------------------------------------------------------------    -------------------
    SLICE_X86Y87         FDCE (Prop_fdce_C_Q)         0.456    -0.356 r  ms_get_clk/clk_counter_reg[3]/Q
                         net (fo=2, routed)           0.824     0.469    ms_get_clk/clk_counter_reg[3]
    SLICE_X87Y89         LUT3 (Prop_lut3_I0_O)        0.124     0.593 r  ms_get_clk/clk_counter1_carry_i_3/O
                         net (fo=1, routed)           0.000     0.593    ms_get_clk/clk_counter1_carry_i_3_n_0
    SLICE_X87Y89         CARRY4 (Prop_carry4_S[1]_CO[3])
                                                      0.550     1.143 r  ms_get_clk/clk_counter1_carry/CO[3]
                         net (fo=1, routed)           0.000     1.143    ms_get_clk/clk_counter1_carry_n_0
    SLICE_X87Y90         CARRY4 (Prop_carry4_CI_CO[1])
                                                      0.157     1.300 f  ms_get_clk/clk_counter1_carry__0/CO[1]
                         net (fo=20, routed)          1.239     2.539    ms_get_clk/clk_counter1_carry__0_n_2
    SLICE_X86Y87         LUT2 (Prop_lut2_I1_O)        0.329     2.868 r  ms_get_clk/clk_counter[0]_i_6/O
                         net (fo=1, routed)           0.000     2.868    ms_get_clk/clk_counter[0]_i_6_n_0
    SLICE_X86Y87         CARRY4 (Prop_carry4_S[1]_CO[3])
                                                      0.550     3.418 r  ms_get_clk/clk_counter_reg[0]_i_2/CO[3]
                         net (fo=1, routed)           0.000     3.418    ms_get_clk/clk_counter_reg[0]_i_2_n_0
    SLICE_X86Y88         CARRY4 (Prop_carry4_CI_CO[3])
                                                      0.114     3.532 r  ms_get_clk/clk_counter_reg[4]_i_1/CO[3]
                         net (fo=1, routed)           0.000     3.532    ms_get_clk/clk_counter_reg[4]_i_1_n_0
    SLICE_X86Y89         CARRY4 (Prop_carry4_CI_O[3])
                                                      0.313     3.845 r  ms_get_clk/clk_counter_reg[8]_i_1/O[3]
                         net (fo=1, routed)           0.000     3.845    ms_get_clk/clk_counter_reg[8]_i_1_n_4
    SLICE_X86Y89         FDCE                                         r  ms_get_clk/clk_counter_reg[11]/D
  -------------------------------------------------------------------    -------------------

                         (clock clk_out1_ip_clock_div_top rise edge)
                                                    200.000   200.000 r  <hidden>
    E3                                                0.000   200.000 r  board_clk
                         net (fo=0)                   0.000   200.000    clk_5M/inst/clk_in1
    E3                   IBUF (Prop_ibuf_I_O)         1.411   201.411 r  clk_5M/inst/clkin1_ibufg/O
                         net (fo=1, routed)           1.162   202.573    clk_5M/inst/clk_in1_ip_clock_div_top
    MMCME2_ADV_X1Y2      MMCME2_ADV (Prop_mmcme2_adv_CLKIN1_CLKOUT0)
                                                     -7.324   195.249 r  clk_5M/inst/mmcm_adv_inst/CLKOUT0
                         net (fo=1, routed)           1.639   196.888    clk_5M/inst/clk_out1_ip_clock_div_top
    BUFGCTRL_X0Y16       BUFG (Prop_bufg_I_O)         0.091   196.979 r  clk_5M/inst/clkout1_buf/O
                         net (fo=34, routed)          1.610   198.590    ms_get_clk/clk_out1
    SLICE_X86Y89         FDCE                                         r  ms_get_clk/clk_counter_reg[11]/C
                         clock pessimism              0.575   199.165    <hidden>
                         clock uncertainty           -0.318   198.848    <hidden>
    SLICE_X86Y89         FDCE (Setup_fdce_C_D)        0.062   198.910    ms_get_clk/clk_counter_reg[11]
  -------------------------------------------------------------------
                         required time                        198.910    <hidden>
                         arrival time                          -3.845    <hidden>
  -------------------------------------------------------------------
                         slack                                195.065    <hidden>

Slack (MET) :             195.139ns  (required time - arrival time)
  Source:                 ms_get_clk/clk_counter_reg[3]/C
                            (rising edge-triggered cell FDCE clocked by clk_out1_ip_clock_div_top  {rise@0.000ns fall@100.000ns period=200.000ns})
  Destination:            ms_get_clk/clk_counter_reg[10]/D
                            (rising edge-triggered cell FDCE clocked by clk_out1_ip_clock_div_top  {rise@0.000ns fall@100.000ns period=200.000ns})
  Path Group:             clk_out1_ip_clock_div_top
  Path Type:              Setup (Max at Slow Process Corner)
  Requirement:            200.000ns  (clk_out1_ip_clock_div_top rise@200.000ns - clk_out1_ip_clock_div_top rise@0.000ns)
  Data Path Delay:        4.583ns  (logic 2.519ns (54.967%)  route 2.064ns (45.033%))
  Logic Levels:           7  (CARRY4=5 LUT2=1 LUT3=1)
  Clock Path Skew:        -0.023ns (DCD - SCD + CPR)
    Destination Clock Delay (DCD):    -1.410ns = ( 198.590 - 200.000 ) 
    Source Clock Delay      (SCD):    -0.812ns
    Clock Pessimism Removal (CPR):    0.575ns
  Clock Uncertainty:      0.318ns  ((TSJ^2 + DJ^2)^1/2) / 2 + PE
    Total System Jitter     (TSJ):    0.071ns
    Discrete Jitter          (DJ):    0.631ns
    Phase Error              (PE):    0.000ns

    Location             Delay type                Incr(ns)  Path(ns)    Netlist Resource(s)
  -------------------------------------------------------------------    -------------------
                         (clock clk_out1_ip_clock_div_top rise edge)
                                                      0.000     0.000 r  <hidden>
    E3                                                0.000     0.000 r  board_clk
                         net (fo=0)                   0.000     0.000    clk_5M/inst/clk_in1
    E3                   IBUF (Prop_ibuf_I_O)         1.482     1.482 r  clk_5M/inst/clkin1_ibufg/O
                         net (fo=1, routed)           1.233     2.715    clk_5M/inst/clk_in1_ip_clock_div_top
    MMCME2_ADV_X1Y2      MMCME2_ADV (Prop_mmcme2_adv_CLKIN1_CLKOUT0)
                                                     -7.070    -4.355 r  clk_5M/inst/mmcm_adv_inst/CLKOUT0
                         net (fo=1, routed)           1.719    -2.636    clk_5M/inst/clk_out1_ip_clock_div_top
    BUFGCTRL_X0Y16       BUFG (Prop_bufg_I_O)         0.096    -2.540 r  clk_5M/inst/clkout1_buf/O
                         net (fo=34, routed)          1.728    -0.812    ms_get_clk/clk_out1
    SLICE_X86Y87         FDCE                                         r  ms_get_clk/clk_counter_reg[3]/C
  -------------------------------------------------------------------    -------------------
    SLICE_X86Y87         FDCE (Prop_fdce_C_Q)         0.456    -0.356 r  ms_get_clk/clk_counter_reg[3]/Q
                         net (fo=2, routed)           0.824     0.469    ms_get_clk/clk_counter_reg[3]
    SLICE_X87Y89         LUT3 (Prop_lut3_I0_O)        0.124     0.593 r  ms_get_clk/clk_counter1_carry_i_3/O
                         net (fo=1, routed)           0.000     0.593    ms_get_clk/clk_counter1_carry_i_3_n_0
    SLICE_X87Y89         CARRY4 (Prop_carry4_S[1]_CO[3])
                                                      0.550     1.143 r  ms_get_clk/clk_counter1_carry/CO[3]
                         net (fo=1, routed)           0.000     1.143    ms_get_clk/clk_counter1_carry_n_0
    SLICE_X87Y90         CARRY4 (Prop_carry4_CI_CO[1])
                                                      0.157     1.300 f  ms_get_clk/clk_counter1_carry__0/CO[1]
                         net (fo=20, routed)          1.239     2.539    ms_get_clk/clk_counter1_carry__0_n_2
    SLICE_X86Y87         LUT2 (Prop_lut2_I1_O)        0.329     2.868 r  ms_get_clk/clk_counter[0]_i_6/O
                         net (fo=1, routed)           0.000     2.868    ms_get_clk/clk_counter[0]_i_6_n_0
    SLICE_X86Y87         CARRY4 (Prop_carry4_S[1]_CO[3])
                                                      0.550     3.418 r  ms_get_clk/clk_counter_reg[0]_i_2/CO[3]
                         net (fo=1, routed)           0.000     3.418    ms_get_clk/clk_counter_reg[0]_i_2_n_0
    SLICE_X86Y88         CARRY4 (Prop_carry4_CI_CO[3])
                                                      0.114     3.532 r  ms_get_clk/clk_counter_reg[4]_i_1/CO[3]
                         net (fo=1, routed)           0.000     3.532    ms_get_clk/clk_counter_reg[4]_i_1_n_0
    SLICE_X86Y89         CARRY4 (Prop_carry4_CI_O[2])
                                                      0.239     3.771 r  ms_get_clk/clk_counter_reg[8]_i_1/O[2]
                         net (fo=1, routed)           0.000     3.771    ms_get_clk/clk_counter_reg[8]_i_1_n_5
    SLICE_X86Y89         FDCE                                         r  ms_get_clk/clk_counter_reg[10]/D
  -------------------------------------------------------------------    -------------------

                         (clock clk_out1_ip_clock_div_top rise edge)
                                                    200.000   200.000 r  <hidden>
    E3                                                0.000   200.000 r  board_clk
                         net (fo=0)                   0.000   200.000    clk_5M/inst/clk_in1
    E3                   IBUF (Prop_ibuf_I_O)         1.411   201.411 r  clk_5M/inst/clkin1_ibufg/O
                         net (fo=1, routed)           1.162   202.573    clk_5M/inst/clk_in1_ip_clock_div_top
    MMCME2_ADV_X1Y2      MMCME2_ADV (Prop_mmcme2_adv_CLKIN1_CLKOUT0)
                                                     -7.324   195.249 r  clk_5M/inst/mmcm_adv_inst/CLKOUT0
                         net (fo=1, routed)           1.639   196.888    clk_5M/inst/clk_out1_ip_clock_div_top
    BUFGCTRL_X0Y16       BUFG (Prop_bufg_I_O)         0.091   196.979 r  clk_5M/inst/clkout1_buf/O
                         net (fo=34, routed)          1.610   198.590    ms_get_clk/clk_out1
    SLICE_X86Y89         FDCE                                         r  ms_get_clk/clk_counter_reg[10]/C
                         clock pessimism              0.575   199.165    <hidden>
                         clock uncertainty           -0.318   198.848    <hidden>
    SLICE_X86Y89         FDCE (Setup_fdce_C_D)        0.062   198.910    ms_get_clk/clk_counter_reg[10]
  -------------------------------------------------------------------
                         required time                        198.910    <hidden>
                         arrival time                          -3.771    <hidden>
  -------------------------------------------------------------------
                         slack                                195.139    <hidden>

Slack (MET) :             195.155ns  (required time - arrival time)
  Source:                 ms_get_clk/clk_counter_reg[3]/C
                            (rising edge-triggered cell FDCE clocked by clk_out1_ip_clock_div_top  {rise@0.000ns fall@100.000ns period=200.000ns})
  Destination:            ms_get_clk/clk_counter_reg[8]/D
                            (rising edge-triggered cell FDCE clocked by clk_out1_ip_clock_div_top  {rise@0.000ns fall@100.000ns period=200.000ns})
  Path Group:             clk_out1_ip_clock_div_top
  Path Type:              Setup (Max at Slow Process Corner)
  Requirement:            200.000ns  (clk_out1_ip_clock_div_top rise@200.000ns - clk_out1_ip_clock_div_top rise@0.000ns)
  Data Path Delay:        4.567ns  (logic 2.503ns (54.809%)  route 2.064ns (45.191%))
  Logic Levels:           7  (CARRY4=5 LUT2=1 LUT3=1)
  Clock Path Skew:        -0.023ns (DCD - SCD + CPR)
    Destination Clock Delay (DCD):    -1.410ns = ( 198.590 - 200.000 ) 
    Source Clock Delay      (SCD):    -0.812ns
    Clock Pessimism Removal (CPR):    0.575ns
  Clock Uncertainty:      0.318ns  ((TSJ^2 + DJ^2)^1/2) / 2 + PE
    Total System Jitter     (TSJ):    0.071ns
    Discrete Jitter          (DJ):    0.631ns
    Phase Error              (PE):    0.000ns

    Location             Delay type                Incr(ns)  Path(ns)    Netlist Resource(s)
  -------------------------------------------------------------------    -------------------
                         (clock clk_out1_ip_clock_div_top rise edge)
                                                      0.000     0.000 r  <hidden>
    E3                                                0.000     0.000 r  board_clk
                         net (fo=0)                   0.000     0.000    clk_5M/inst/clk_in1
    E3                   IBUF (Prop_ibuf_I_O)         1.482     1.482 r  clk_5M/inst/clkin1_ibufg/O
                         net (fo=1, routed)           1.233     2.715    clk_5M/inst/clk_in1_ip_clock_div_top
    MMCME2_ADV_X1Y2      MMCME2_ADV (Prop_mmcme2_adv_CLKIN1_CLKOUT0)
                                                     -7.070    -4.355 r  clk_5M/inst/mmcm_adv_inst/CLKOUT0
                         net (fo=1, routed)           1.719    -2.636    clk_5M/inst/clk_out1_ip_clock_div_top
    BUFGCTRL_X0Y16       BUFG (Prop_bufg_I_O)         0.096    -2.540 r  clk_5M/inst/clkout1_buf/O
                         net (fo=34, routed)          1.728    -0.812    ms_get_clk/clk_out1
    SLICE_X86Y87         FDCE                                         r  ms_get_clk/clk_counter_reg[3]/C
  -------------------------------------------------------------------    -------------------
    SLICE_X86Y87         FDCE (Prop_fdce_C_Q)         0.456    -0.356 r  ms_get_clk/clk_counter_reg[3]/Q
                         net (fo=2, routed)           0.824     0.469    ms_get_clk/clk_counter_reg[3]
    SLICE_X87Y89         LUT3 (Prop_lut3_I0_O)        0.124     0.593 r  ms_get_clk/clk_counter1_carry_i_3/O
                         net (fo=1, routed)           0.000     0.593    ms_get_clk/clk_counter1_carry_i_3_n_0
    SLICE_X87Y89         CARRY4 (Prop_carry4_S[1]_CO[3])
                                                      0.550     1.143 r  ms_get_clk/clk_counter1_carry/CO[3]
                         net (fo=1, routed)           0.000     1.143    ms_get_clk/clk_counter1_carry_n_0
    SLICE_X87Y90         CARRY4 (Prop_carry4_CI_CO[1])
                                                      0.157     1.300 f  ms_get_clk/clk_counter1_carry__0/CO[1]
                         net (fo=20, routed)          1.239     2.539    ms_get_clk/clk_counter1_carry__0_n_2
    SLICE_X86Y87         LUT2 (Prop_lut2_I1_O)        0.329     2.868 r  ms_get_clk/clk_counter[0]_i_6/O
                         net (fo=1, routed)           0.000     2.868    ms_get_clk/clk_counter[0]_i_6_n_0
    SLICE_X86Y87         CARRY4 (Prop_carry4_S[1]_CO[3])
                                                      0.550     3.418 r  ms_get_clk/clk_counter_reg[0]_i_2/CO[3]
                         net (fo=1, routed)           0.000     3.418    ms_get_clk/clk_counter_reg[0]_i_2_n_0
    SLICE_X86Y88         CARRY4 (Prop_carry4_CI_CO[3])
                                                      0.114     3.532 r  ms_get_clk/clk_counter_reg[4]_i_1/CO[3]
                         net (fo=1, routed)           0.000     3.532    ms_get_clk/clk_counter_reg[4]_i_1_n_0
    SLICE_X86Y89         CARRY4 (Prop_carry4_CI_O[0])
                                                      0.223     3.755 r  ms_get_clk/clk_counter_reg[8]_i_1/O[0]
                         net (fo=1, routed)           0.000     3.755    ms_get_clk/clk_counter_reg[8]_i_1_n_7
    SLICE_X86Y89         FDCE                                         r  ms_get_clk/clk_counter_reg[8]/D
  -------------------------------------------------------------------    -------------------

                         (clock clk_out1_ip_clock_div_top rise edge)
                                                    200.000   200.000 r  <hidden>
    E3                                                0.000   200.000 r  board_clk
                         net (fo=0)                   0.000   200.000    clk_5M/inst/clk_in1
    E3                   IBUF (Prop_ibuf_I_O)         1.411   201.411 r  clk_5M/inst/clkin1_ibufg/O
                         net (fo=1, routed)           1.162   202.573    clk_5M/inst/clk_in1_ip_clock_div_top
    MMCME2_ADV_X1Y2      MMCME2_ADV (Prop_mmcme2_adv_CLKIN1_CLKOUT0)
                                                     -7.324   195.249 r  clk_5M/inst/mmcm_adv_inst/CLKOUT0
                         net (fo=1, routed)           1.639   196.888    clk_5M/inst/clk_out1_ip_clock_div_top
    BUFGCTRL_X0Y16       BUFG (Prop_bufg_I_O)         0.091   196.979 r  clk_5M/inst/clkout1_buf/O
                         net (fo=34, routed)          1.610   198.590    ms_get_clk/clk_out1
    SLICE_X86Y89         FDCE                                         r  ms_get_clk/clk_counter_reg[8]/C
                         clock pessimism              0.575   199.165    <hidden>
                         clock uncertainty           -0.318   198.848    <hidden>
    SLICE_X86Y89         FDCE (Setup_fdce_C_D)        0.062   198.910    ms_get_clk/clk_counter_reg[8]
  -------------------------------------------------------------------
                         required time                        198.910    <hidden>
                         arrival time                          -3.755    <hidden>
  -------------------------------------------------------------------
                         slack                                195.155    <hidden>





Min Delay Paths
--------------------------------------------------------------------------------------
Slack (MET) :             0.252ns  (arrival time - required time)
  Source:                 display/clk_div_reg[7]/C
                            (rising edge-triggered cell FDRE clocked by clk_out1_ip_clock_div_top  {rise@0.000ns fall@100.000ns period=200.000ns})
  Destination:            display/clk_div_reg[7]/D
                            (rising edge-triggered cell FDRE clocked by clk_out1_ip_clock_div_top  {rise@0.000ns fall@100.000ns period=200.000ns})
  Path Group:             clk_out1_ip_clock_div_top
  Path Type:              Hold (Min at Fast Process Corner)
  Requirement:            0.000ns  (clk_out1_ip_clock_div_top rise@0.000ns - clk_out1_ip_clock_div_top rise@0.000ns)
  Data Path Delay:        0.357ns  (logic 0.249ns (69.714%)  route 0.108ns (30.286%))
  Logic Levels:           1  (CARRY4=1)
  Clock Path Skew:        0.000ns (DCD - SCD - CPR)
    Destination Clock Delay (DCD):    -0.798ns
    Source Clock Delay      (SCD):    -0.560ns
    Clock Pessimism Removal (CPR):    -0.238ns

    Location             Delay type                Incr(ns)  Path(ns)    Netlist Resource(s)
  -------------------------------------------------------------------    -------------------
                         (clock clk_out1_ip_clock_div_top rise edge)
                                                      0.000     0.000 r  <hidden>
    E3                                                0.000     0.000 r  board_clk
                         net (fo=0)                   0.000     0.000    clk_5M/inst/clk_in1
    E3                   IBUF (Prop_ibuf_I_O)         0.250     0.250 r  clk_5M/inst/clkin1_ibufg/O
                         net (fo=1, routed)           0.440     0.690    clk_5M/inst/clk_in1_ip_clock_div_top
    MMCME2_ADV_X1Y2      MMCME2_ADV (Prop_mmcme2_adv_CLKIN1_CLKOUT0)
                                                     -2.379    -1.689 r  clk_5M/inst/mmcm_adv_inst/CLKOUT0
                         net (fo=1, routed)           0.499    -1.190    clk_5M/inst/clk_out1_ip_clock_div_top
    BUFGCTRL_X0Y16       BUFG (Prop_bufg_I_O)         0.026    -1.164 r  clk_5M/inst/clkout1_buf/O
                         net (fo=34, routed)          0.604    -0.560    display/clk_out1
    SLICE_X89Y87         FDRE                                         r  display/clk_div_reg[7]/C
  -------------------------------------------------------------------    -------------------
    SLICE_X89Y87         FDRE (Prop_fdre_C_Q)         0.141    -0.419 r  display/clk_div_reg[7]/Q
                         net (fo=1, routed)           0.108    -0.311    display/clk_div_reg_n_0_[7]
    SLICE_X89Y87         CARRY4 (Prop_carry4_S[3]_O[3])
                                                      0.108    -0.203 r  display/clk_div_reg[4]_i_1/O[3]
                         net (fo=1, routed)           0.000    -0.203    display/clk_div_reg[4]_i_1_n_4
    SLICE_X89Y87         FDRE                                         r  display/clk_div_reg[7]/D
  -------------------------------------------------------------------    -------------------

                         (clock clk_out1_ip_clock_div_top rise edge)
                                                      0.000     0.000 r  <hidden>
    E3                                                0.000     0.000 r  board_clk
                         net (fo=0)                   0.000     0.000    clk_5M/inst/clk_in1
    E3                   IBUF (Prop_ibuf_I_O)         0.438     0.438 r  clk_5M/inst/clkin1_ibufg/O
                         net (fo=1, routed)           0.480     0.918    clk_5M/inst/clk_in1_ip_clock_div_top
    MMCME2_ADV_X1Y2      MMCME2_ADV (Prop_mmcme2_adv_CLKIN1_CLKOUT0)
                                                     -3.163    -2.245 r  clk_5M/inst/mmcm_adv_inst/CLKOUT0
                         net (fo=1, routed)           0.544    -1.702    clk_5M/inst/clk_out1_ip_clock_div_top
    BUFGCTRL_X0Y16       BUFG (Prop_bufg_I_O)         0.029    -1.673 r  clk_5M/inst/clkout1_buf/O
                         net (fo=34, routed)          0.875    -0.798    display/clk_out1
    SLICE_X89Y87         FDRE                                         r  display/clk_div_reg[7]/C
                         clock pessimism              0.238    -0.560    <hidden>
    SLICE_X89Y87         FDRE (Hold_fdre_C_D)         0.105    -0.455    display/clk_div_reg[7]
  -------------------------------------------------------------------
                         required time                          0.455    <hidden>
                         arrival time                          -0.203    <hidden>
  -------------------------------------------------------------------
                         slack                                  0.252    <hidden>

Slack (MET) :             0.252ns  (arrival time - required time)
  Source:                 display/clk_div_reg[11]/C
                            (rising edge-triggered cell FDRE clocked by clk_out1_ip_clock_div_top  {rise@0.000ns fall@100.000ns period=200.000ns})
  Destination:            display/clk_div_reg[11]/D
                            (rising edge-triggered cell FDRE clocked by clk_out1_ip_clock_div_top  {rise@0.000ns fall@100.000ns period=200.000ns})
  Path Group:             clk_out1_ip_clock_div_top
  Path Type:              Hold (Min at Fast Process Corner)
  Requirement:            0.000ns  (clk_out1_ip_clock_div_top rise@0.000ns - clk_out1_ip_clock_div_top rise@0.000ns)
  Data Path Delay:        0.357ns  (logic 0.249ns (69.714%)  route 0.108ns (30.286%))
  Logic Levels:           1  (CARRY4=1)
  Clock Path Skew:        0.000ns (DCD - SCD - CPR)
    Destination Clock Delay (DCD):    -0.796ns
    Source Clock Delay      (SCD):    -0.559ns
    Clock Pessimism Removal (CPR):    -0.237ns

    Location             Delay type                Incr(ns)  Path(ns)    Netlist Resource(s)
  -------------------------------------------------------------------    -------------------
                         (clock clk_out1_ip_clock_div_top rise edge)
                                                      0.000     0.000 r  <hidden>
    E3                                                0.000     0.000 r  board_clk
                         net (fo=0)                   0.000     0.000    clk_5M/inst/clk_in1
    E3                   IBUF (Prop_ibuf_I_O)         0.250     0.250 r  clk_5M/inst/clkin1_ibufg/O
                         net (fo=1, routed)           0.440     0.690    clk_5M/inst/clk_in1_ip_clock_div_top
    MMCME2_ADV_X1Y2      MMCME2_ADV (Prop_mmcme2_adv_CLKIN1_CLKOUT0)
                                                     -2.379    -1.689 r  clk_5M/inst/mmcm_adv_inst/CLKOUT0
                         net (fo=1, routed)           0.499    -1.190    clk_5M/inst/clk_out1_ip_clock_div_top
    BUFGCTRL_X0Y16       BUFG (Prop_bufg_I_O)         0.026    -1.164 r  clk_5M/inst/clkout1_buf/O
                         net (fo=34, routed)          0.605    -0.559    display/clk_out1
    SLICE_X89Y88         FDRE                                         r  display/clk_div_reg[11]/C
  -------------------------------------------------------------------    -------------------
    SLICE_X89Y88         FDRE (Prop_fdre_C_Q)         0.141    -0.418 r  display/clk_div_reg[11]/Q
                         net (fo=1, routed)           0.108    -0.310    display/clk_div_reg_n_0_[11]
    SLICE_X89Y88         CARRY4 (Prop_carry4_S[3]_O[3])
                                                      0.108    -0.202 r  display/clk_div_reg[8]_i_1/O[3]
                         net (fo=1, routed)           0.000    -0.202    display/clk_div_reg[8]_i_1_n_4
    SLICE_X89Y88         FDRE                                         r  display/clk_div_reg[11]/D
  -------------------------------------------------------------------    -------------------

                         (clock clk_out1_ip_clock_div_top rise edge)
                                                      0.000     0.000 r  <hidden>
    E3                                                0.000     0.000 r  board_clk
                         net (fo=0)                   0.000     0.000    clk_5M/inst/clk_in1
    E3                   IBUF (Prop_ibuf_I_O)         0.438     0.438 r  clk_5M/inst/clkin1_ibufg/O
                         net (fo=1, routed)           0.480     0.918    clk_5M/inst/clk_in1_ip_clock_div_top
    MMCME2_ADV_X1Y2      MMCME2_ADV (Prop_mmcme2_adv_CLKIN1_CLKOUT0)
                                                     -3.163    -2.245 r  clk_5M/inst/mmcm_adv_inst/CLKOUT0
                         net (fo=1, routed)           0.544    -1.702    clk_5M/inst/clk_out1_ip_clock_div_top
    BUFGCTRL_X0Y16       BUFG (Prop_bufg_I_O)         0.029    -1.673 r  clk_5M/inst/clkout1_buf/O
                         net (fo=34, routed)          0.877    -0.796    display/clk_out1
    SLICE_X89Y88         FDRE                                         r  display/clk_div_reg[11]/C
                         clock pessimism              0.237    -0.559    <hidden>
    SLICE_X89Y88         FDRE (Hold_fdre_C_D)         0.105    -0.454    display/clk_div_reg[11]
  -------------------------------------------------------------------
                         required time                          0.454    <hidden>
                         arrival time                          -0.202    <hidden>
  -------------------------------------------------------------------
                         slack                                  0.252    <hidden>

Slack (MET) :             0.252ns  (arrival time - required time)
  Source:                 display/clk_div_reg[3]/C
                            (rising edge-triggered cell FDRE clocked by clk_out1_ip_clock_div_top  {rise@0.000ns fall@100.000ns period=200.000ns})
  Destination:            display/clk_div_reg[3]/D
                            (rising edge-triggered cell FDRE clocked by clk_out1_ip_clock_div_top  {rise@0.000ns fall@100.000ns period=200.000ns})
  Path Group:             clk_out1_ip_clock_div_top
  Path Type:              Hold (Min at Fast Process Corner)
  Requirement:            0.000ns  (clk_out1_ip_clock_div_top rise@0.000ns - clk_out1_ip_clock_div_top rise@0.000ns)
  Data Path Delay:        0.357ns  (logic 0.249ns (69.714%)  route 0.108ns (30.286%))
  Logic Levels:           1  (CARRY4=1)
  Clock Path Skew:        0.000ns (DCD - SCD - CPR)
    Destination Clock Delay (DCD):    -0.799ns
    Source Clock Delay      (SCD):    -0.561ns
    Clock Pessimism Removal (CPR):    -0.238ns

    Location             Delay type                Incr(ns)  Path(ns)    Netlist Resource(s)
  -------------------------------------------------------------------    -------------------
                         (clock clk_out1_ip_clock_div_top rise edge)
                                                      0.000     0.000 r  <hidden>
    E3                                                0.000     0.000 r  board_clk
                         net (fo=0)                   0.000     0.000    clk_5M/inst/clk_in1
    E3                   IBUF (Prop_ibuf_I_O)         0.250     0.250 r  clk_5M/inst/clkin1_ibufg/O
                         net (fo=1, routed)           0.440     0.690    clk_5M/inst/clk_in1_ip_clock_div_top
    MMCME2_ADV_X1Y2      MMCME2_ADV (Prop_mmcme2_adv_CLKIN1_CLKOUT0)
                                                     -2.379    -1.689 r  clk_5M/inst/mmcm_adv_inst/CLKOUT0
                         net (fo=1, routed)           0.499    -1.190    clk_5M/inst/clk_out1_ip_clock_div_top
    BUFGCTRL_X0Y16       BUFG (Prop_bufg_I_O)         0.026    -1.164 r  clk_5M/inst/clkout1_buf/O
                         net (fo=34, routed)          0.603    -0.561    display/clk_out1
    SLICE_X89Y86         FDRE                                         r  display/clk_div_reg[3]/C
  -------------------------------------------------------------------    -------------------
    SLICE_X89Y86         FDRE (Prop_fdre_C_Q)         0.141    -0.420 r  display/clk_div_reg[3]/Q
                         net (fo=1, routed)           0.108    -0.312    display/clk_div_reg_n_0_[3]
    SLICE_X89Y86         CARRY4 (Prop_carry4_S[3]_O[3])
                                                      0.108    -0.204 r  display/clk_div_reg[0]_i_1/O[3]
                         net (fo=1, routed)           0.000    -0.204    display/clk_div_reg[0]_i_1_n_4
    SLICE_X89Y86         FDRE                                         r  display/clk_div_reg[3]/D
  -------------------------------------------------------------------    -------------------

                         (clock clk_out1_ip_clock_div_top rise edge)
                                                      0.000     0.000 r  <hidden>
    E3                                                0.000     0.000 r  board_clk
                         net (fo=0)                   0.000     0.000    clk_5M/inst/clk_in1
    E3                   IBUF (Prop_ibuf_I_O)         0.438     0.438 r  clk_5M/inst/clkin1_ibufg/O
                         net (fo=1, routed)           0.480     0.918    clk_5M/inst/clk_in1_ip_clock_div_top
    MMCME2_ADV_X1Y2      MMCME2_ADV (Prop_mmcme2_adv_CLKIN1_CLKOUT0)
                                                     -3.163    -2.245 r  clk_5M/inst/mmcm_adv_inst/CLKOUT0
                         net (fo=1, routed)           0.544    -1.702    clk_5M/inst/clk_out1_ip_clock_div_top
    BUFGCTRL_X0Y16       BUFG (Prop_bufg_I_O)         0.029    -1.673 r  clk_5M/inst/clkout1_buf/O
                         net (fo=34, routed)          0.874    -0.799    display/clk_out1
    SLICE_X89Y86         FDRE                                         r  display/clk_div_reg[3]/C
                         clock pessimism              0.238    -0.561    <hidden>
    SLICE_X89Y86         FDRE (Hold_fdre_C_D)         0.105    -0.456    display/clk_div_reg[3]
  -------------------------------------------------------------------
                         required time                          0.456    <hidden>
                         arrival time                          -0.204    <hidden>
  -------------------------------------------------------------------
                         slack                                  0.252    <hidden>

Slack (MET) :             0.256ns  (arrival time - required time)
  Source:                 display/clk_div_reg[4]/C
                            (rising edge-triggered cell FDRE clocked by clk_out1_ip_clock_div_top  {rise@0.000ns fall@100.000ns period=200.000ns})
  Destination:            display/clk_div_reg[4]/D
                            (rising edge-triggered cell FDRE clocked by clk_out1_ip_clock_div_top  {rise@0.000ns fall@100.000ns period=200.000ns})
  Path Group:             clk_out1_ip_clock_div_top
  Path Type:              Hold (Min at Fast Process Corner)
  Requirement:            0.000ns  (clk_out1_ip_clock_div_top rise@0.000ns - clk_out1_ip_clock_div_top rise@0.000ns)
  Data Path Delay:        0.361ns  (logic 0.256ns (70.880%)  route 0.105ns (29.120%))
  Logic Levels:           1  (CARRY4=1)
  Clock Path Skew:        0.000ns (DCD - SCD - CPR)
    Destination Clock Delay (DCD):    -0.798ns
    Source Clock Delay      (SCD):    -0.560ns
    Clock Pessimism Removal (CPR):    -0.238ns

    Location             Delay type                Incr(ns)  Path(ns)    Netlist Resource(s)
  -------------------------------------------------------------------    -------------------
                         (clock clk_out1_ip_clock_div_top rise edge)
                                                      0.000     0.000 r  <hidden>
    E3                                                0.000     0.000 r  board_clk
                         net (fo=0)                   0.000     0.000    clk_5M/inst/clk_in1
    E3                   IBUF (Prop_ibuf_I_O)         0.250     0.250 r  clk_5M/inst/clkin1_ibufg/O
                         net (fo=1, routed)           0.440     0.690    clk_5M/inst/clk_in1_ip_clock_div_top
    MMCME2_ADV_X1Y2      MMCME2_ADV (Prop_mmcme2_adv_CLKIN1_CLKOUT0)
                                                     -2.379    -1.689 r  clk_5M/inst/mmcm_adv_inst/CLKOUT0
                         net (fo=1, routed)           0.499    -1.190    clk_5M/inst/clk_out1_ip_clock_div_top
    BUFGCTRL_X0Y16       BUFG (Prop_bufg_I_O)         0.026    -1.164 r  clk_5M/inst/clkout1_buf/O
                         net (fo=34, routed)          0.604    -0.560    display/clk_out1
    SLICE_X89Y87         FDRE                                         r  display/clk_div_reg[4]/C
  -------------------------------------------------------------------    -------------------
    SLICE_X89Y87         FDRE (Prop_fdre_C_Q)         0.141    -0.419 r  display/clk_div_reg[4]/Q
                         net (fo=1, routed)           0.105    -0.314    display/clk_div_reg_n_0_[4]
    SLICE_X89Y87         CARRY4 (Prop_carry4_S[0]_O[0])
                                                      0.115    -0.199 r  display/clk_div_reg[4]_i_1/O[0]
                         net (fo=1, routed)           0.000    -0.199    display/clk_div_reg[4]_i_1_n_7
    SLICE_X89Y87         FDRE                                         r  display/clk_div_reg[4]/D
  -------------------------------------------------------------------    -------------------

                         (clock clk_out1_ip_clock_div_top rise edge)
                                                      0.000     0.000 r  <hidden>
    E3                                                0.000     0.000 r  board_clk
                         net (fo=0)                   0.000     0.000    clk_5M/inst/clk_in1
    E3                   IBUF (Prop_ibuf_I_O)         0.438     0.438 r  clk_5M/inst/clkin1_ibufg/O
                         net (fo=1, routed)           0.480     0.918    clk_5M/inst/clk_in1_ip_clock_div_top
    MMCME2_ADV_X1Y2      MMCME2_ADV (Prop_mmcme2_adv_CLKIN1_CLKOUT0)
                                                     -3.163    -2.245 r  clk_5M/inst/mmcm_adv_inst/CLKOUT0
                         net (fo=1, routed)           0.544    -1.702    clk_5M/inst/clk_out1_ip_clock_div_top
    BUFGCTRL_X0Y16       BUFG (Prop_bufg_I_O)         0.029    -1.673 r  clk_5M/inst/clkout1_buf/O
                         net (fo=34, routed)          0.875    -0.798    display/clk_out1
    SLICE_X89Y87         FDRE                                         r  display/clk_div_reg[4]/C
                         clock pessimism              0.238    -0.560    <hidden>
    SLICE_X89Y87         FDRE (Hold_fdre_C_D)         0.105    -0.455    display/clk_div_reg[4]
  -------------------------------------------------------------------
                         required time                          0.455    <hidden>
                         arrival time                          -0.199    <hidden>
  -------------------------------------------------------------------
                         slack                                  0.256    <hidden>

Slack (MET) :             0.256ns  (arrival time - required time)
  Source:                 display/clk_div_reg[12]/C
                            (rising edge-triggered cell FDRE clocked by clk_out1_ip_clock_div_top  {rise@0.000ns fall@100.000ns period=200.000ns})
  Destination:            display/clk_div_reg[12]/D
                            (rising edge-triggered cell FDRE clocked by clk_out1_ip_clock_div_top  {rise@0.000ns fall@100.000ns period=200.000ns})
  Path Group:             clk_out1_ip_clock_div_top
  Path Type:              Hold (Min at Fast Process Corner)
  Requirement:            0.000ns  (clk_out1_ip_clock_div_top rise@0.000ns - clk_out1_ip_clock_div_top rise@0.000ns)
  Data Path Delay:        0.361ns  (logic 0.256ns (70.880%)  route 0.105ns (29.120%))
  Logic Levels:           1  (CARRY4=1)
  Clock Path Skew:        0.000ns (DCD - SCD - CPR)
    Destination Clock Delay (DCD):    -0.796ns
    Source Clock Delay      (SCD):    -0.559ns
    Clock Pessimism Removal (CPR):    -0.237ns

    Location             Delay type                Incr(ns)  Path(ns)    Netlist Resource(s)
  -------------------------------------------------------------------    -------------------
                         (clock clk_out1_ip_clock_div_top rise edge)
                                                      0.000     0.000 r  <hidden>
    E3                                                0.000     0.000 r  board_clk
                         net (fo=0)                   0.000     0.000    clk_5M/inst/clk_in1
    E3                   IBUF (Prop_ibuf_I_O)         0.250     0.250 r  clk_5M/inst/clkin1_ibufg/O
                         net (fo=1, routed)           0.440     0.690    clk_5M/inst/clk_in1_ip_clock_div_top
    MMCME2_ADV_X1Y2      MMCME2_ADV (Prop_mmcme2_adv_CLKIN1_CLKOUT0)
                                                     -2.379    -1.689 r  clk_5M/inst/mmcm_adv_inst/CLKOUT0
                         net (fo=1, routed)           0.499    -1.190    clk_5M/inst/clk_out1_ip_clock_div_top
    BUFGCTRL_X0Y16       BUFG (Prop_bufg_I_O)         0.026    -1.164 r  clk_5M/inst/clkout1_buf/O
                         net (fo=34, routed)          0.605    -0.559    display/clk_out1
    SLICE_X89Y89         FDRE                                         r  display/clk_div_reg[12]/C
  -------------------------------------------------------------------    -------------------
    SLICE_X89Y89         FDRE (Prop_fdre_C_Q)         0.141    -0.418 r  display/clk_div_reg[12]/Q
                         net (fo=1, routed)           0.105    -0.313    display/clk_div_reg_n_0_[12]
    SLICE_X89Y89         CARRY4 (Prop_carry4_S[0]_O[0])
                                                      0.115    -0.198 r  display/clk_div_reg[12]_i_1/O[0]
                         net (fo=1, routed)           0.000    -0.198    display/clk_div_reg[12]_i_1_n_7
    SLICE_X89Y89         FDRE                                         r  display/clk_div_reg[12]/D
  -------------------------------------------------------------------    -------------------

                         (clock clk_out1_ip_clock_div_top rise edge)
                                                      0.000     0.000 r  <hidden>
    E3                                                0.000     0.000 r  board_clk
                         net (fo=0)                   0.000     0.000    clk_5M/inst/clk_in1
    E3                   IBUF (Prop_ibuf_I_O)         0.438     0.438 r  clk_5M/inst/clkin1_ibufg/O
                         net (fo=1, routed)           0.480     0.918    clk_5M/inst/clk_in1_ip_clock_div_top
    MMCME2_ADV_X1Y2      MMCME2_ADV (Prop_mmcme2_adv_CLKIN1_CLKOUT0)
                                                     -3.163    -2.245 r  clk_5M/inst/mmcm_adv_inst/CLKOUT0
                         net (fo=1, routed)           0.544    -1.702    clk_5M/inst/clk_out1_ip_clock_div_top
    BUFGCTRL_X0Y16       BUFG (Prop_bufg_I_O)         0.029    -1.673 r  clk_5M/inst/clkout1_buf/O
                         net (fo=34, routed)          0.877    -0.796    display/clk_out1
    SLICE_X89Y89         FDRE                                         r  display/clk_div_reg[12]/C
                         clock pessimism              0.237    -0.559    <hidden>
    SLICE_X89Y89         FDRE (Hold_fdre_C_D)         0.105    -0.454    display/clk_div_reg[12]
  -------------------------------------------------------------------
                         required time                          0.454    <hidden>
                         arrival time                          -0.198    <hidden>
  -------------------------------------------------------------------
                         slack                                  0.256    <hidden>

Slack (MET) :             0.256ns  (arrival time - required time)
  Source:                 display/clk_div_reg[8]/C
                            (rising edge-triggered cell FDRE clocked by clk_out1_ip_clock_div_top  {rise@0.000ns fall@100.000ns period=200.000ns})
  Destination:            display/clk_div_reg[8]/D
                            (rising edge-triggered cell FDRE clocked by clk_out1_ip_clock_div_top  {rise@0.000ns fall@100.000ns period=200.000ns})
  Path Group:             clk_out1_ip_clock_div_top
  Path Type:              Hold (Min at Fast Process Corner)
  Requirement:            0.000ns  (clk_out1_ip_clock_div_top rise@0.000ns - clk_out1_ip_clock_div_top rise@0.000ns)
  Data Path Delay:        0.361ns  (logic 0.256ns (70.880%)  route 0.105ns (29.120%))
  Logic Levels:           1  (CARRY4=1)
  Clock Path Skew:        0.000ns (DCD - SCD - CPR)
    Destination Clock Delay (DCD):    -0.796ns
    Source Clock Delay      (SCD):    -0.559ns
    Clock Pessimism Removal (CPR):    -0.237ns

    Location             Delay type                Incr(ns)  Path(ns)    Netlist Resource(s)
  -------------------------------------------------------------------    -------------------
                         (clock clk_out1_ip_clock_div_top rise edge)
                                                      0.000     0.000 r  <hidden>
    E3                                                0.000     0.000 r  board_clk
                         net (fo=0)                   0.000     0.000    clk_5M/inst/clk_in1
    E3                   IBUF (Prop_ibuf_I_O)         0.250     0.250 r  clk_5M/inst/clkin1_ibufg/O
                         net (fo=1, routed)           0.440     0.690    clk_5M/inst/clk_in1_ip_clock_div_top
    MMCME2_ADV_X1Y2      MMCME2_ADV (Prop_mmcme2_adv_CLKIN1_CLKOUT0)
                                                     -2.379    -1.689 r  clk_5M/inst/mmcm_adv_inst/CLKOUT0
                         net (fo=1, routed)           0.499    -1.190    clk_5M/inst/clk_out1_ip_clock_div_top
    BUFGCTRL_X0Y16       BUFG (Prop_bufg_I_O)         0.026    -1.164 r  clk_5M/inst/clkout1_buf/O
                         net (fo=34, routed)          0.605    -0.559    display/clk_out1
    SLICE_X89Y88         FDRE                                         r  display/clk_div_reg[8]/C
  -------------------------------------------------------------------    -------------------
    SLICE_X89Y88         FDRE (Prop_fdre_C_Q)         0.141    -0.418 r  display/clk_div_reg[8]/Q
                         net (fo=1, routed)           0.105    -0.313    display/clk_div_reg_n_0_[8]
    SLICE_X89Y88         CARRY4 (Prop_carry4_S[0]_O[0])
                                                      0.115    -0.198 r  display/clk_div_reg[8]_i_1/O[0]
                         net (fo=1, routed)           0.000    -0.198    display/clk_div_reg[8]_i_1_n_7
    SLICE_X89Y88         FDRE                                         r  display/clk_div_reg[8]/D
  -------------------------------------------------------------------    -------------------

                         (clock clk_out1_ip_clock_div_top rise edge)
                                                      0.000     0.000 r  <hidden>
    E3                                                0.000     0.000 r  board_clk
                         net (fo=0)                   0.000     0.000    clk_5M/inst/clk_in1
    E3                   IBUF (Prop_ibuf_I_O)         0.438     0.438 r  clk_5M/inst/clkin1_ibufg/O
                         net (fo=1, routed)           0.480     0.918    clk_5M/inst/clk_in1_ip_clock_div_top
    MMCME2_ADV_X1Y2      MMCME2_ADV (Prop_mmcme2_adv_CLKIN1_CLKOUT0)
                                                     -3.163    -2.245 r  clk_5M/inst/mmcm_adv_inst/CLKOUT0
                         net (fo=1, routed)           0.544    -1.702    clk_5M/inst/clk_out1_ip_clock_div_top
    BUFGCTRL_X0Y16       BUFG (Prop_bufg_I_O)         0.029    -1.673 r  clk_5M/inst/clkout1_buf/O
                         net (fo=34, routed)          0.877    -0.796    display/clk_out1
    SLICE_X89Y88         FDRE                                         r  display/clk_div_reg[8]/C
                         clock pessimism              0.237    -0.559    <hidden>
    SLICE_X89Y88         FDRE (Hold_fdre_C_D)         0.105    -0.454    display/clk_div_reg[8]
  -------------------------------------------------------------------
                         required time                          0.454    <hidden>
                         arrival time                          -0.198    <hidden>
  -------------------------------------------------------------------
                         slack                                  0.256    <hidden>

Slack (MET) :             0.256ns  (arrival time - required time)
  Source:                 display/clk_div_reg[6]/C
                            (rising edge-triggered cell FDRE clocked by clk_out1_ip_clock_div_top  {rise@0.000ns fall@100.000ns period=200.000ns})
  Destination:            display/clk_div_reg[6]/D
                            (rising edge-triggered cell FDRE clocked by clk_out1_ip_clock_div_top  {rise@0.000ns fall@100.000ns period=200.000ns})
  Path Group:             clk_out1_ip_clock_div_top
  Path Type:              Hold (Min at Fast Process Corner)
  Requirement:            0.000ns  (clk_out1_ip_clock_div_top rise@0.000ns - clk_out1_ip_clock_div_top rise@0.000ns)
  Data Path Delay:        0.361ns  (logic 0.252ns (69.733%)  route 0.109ns (30.267%))
  Logic Levels:           1  (CARRY4=1)
  Clock Path Skew:        0.000ns (DCD - SCD - CPR)
    Destination Clock Delay (DCD):    -0.798ns
    Source Clock Delay      (SCD):    -0.560ns
    Clock Pessimism Removal (CPR):    -0.238ns

    Location             Delay type                Incr(ns)  Path(ns)    Netlist Resource(s)
  -------------------------------------------------------------------    -------------------
                         (clock clk_out1_ip_clock_div_top rise edge)
                                                      0.000     0.000 r  <hidden>
    E3                                                0.000     0.000 r  board_clk
                         net (fo=0)                   0.000     0.000    clk_5M/inst/clk_in1
    E3                   IBUF (Prop_ibuf_I_O)         0.250     0.250 r  clk_5M/inst/clkin1_ibufg/O
                         net (fo=1, routed)           0.440     0.690    clk_5M/inst/clk_in1_ip_clock_div_top
    MMCME2_ADV_X1Y2      MMCME2_ADV (Prop_mmcme2_adv_CLKIN1_CLKOUT0)
                                                     -2.379    -1.689 r  clk_5M/inst/mmcm_adv_inst/CLKOUT0
                         net (fo=1, routed)           0.499    -1.190    clk_5M/inst/clk_out1_ip_clock_div_top
    BUFGCTRL_X0Y16       BUFG (Prop_bufg_I_O)         0.026    -1.164 r  clk_5M/inst/clkout1_buf/O
                         net (fo=34, routed)          0.604    -0.560    display/clk_out1
    SLICE_X89Y87         FDRE                                         r  display/clk_div_reg[6]/C
  -------------------------------------------------------------------    -------------------
    SLICE_X89Y87         FDRE (Prop_fdre_C_Q)         0.141    -0.419 r  display/clk_div_reg[6]/Q
                         net (fo=1, routed)           0.109    -0.310    display/clk_div_reg_n_0_[6]
    SLICE_X89Y87         CARRY4 (Prop_carry4_S[2]_O[2])
                                                      0.111    -0.199 r  display/clk_div_reg[4]_i_1/O[2]
                         net (fo=1, routed)           0.000    -0.199    display/clk_div_reg[4]_i_1_n_5
    SLICE_X89Y87         FDRE                                         r  display/clk_div_reg[6]/D
  -------------------------------------------------------------------    -------------------

                         (clock clk_out1_ip_clock_div_top rise edge)
                                                      0.000     0.000 r  <hidden>
    E3                                                0.000     0.000 r  board_clk
                         net (fo=0)                   0.000     0.000    clk_5M/inst/clk_in1
    E3                   IBUF (Prop_ibuf_I_O)         0.438     0.438 r  clk_5M/inst/clkin1_ibufg/O
                         net (fo=1, routed)           0.480     0.918    clk_5M/inst/clk_in1_ip_clock_div_top
    MMCME2_ADV_X1Y2      MMCME2_ADV (Prop_mmcme2_adv_CLKIN1_CLKOUT0)
                                                     -3.163    -2.245 r  clk_5M/inst/mmcm_adv_inst/CLKOUT0
                         net (fo=1, routed)           0.544    -1.702    clk_5M/inst/clk_out1_ip_clock_div_top
    BUFGCTRL_X0Y16       BUFG (Prop_bufg_I_O)         0.029    -1.673 r  clk_5M/inst/clkout1_buf/O
                         net (fo=34, routed)          0.875    -0.798    display/clk_out1
    SLICE_X89Y87         FDRE                                         r  display/clk_div_reg[6]/C
                         clock pessimism              0.238    -0.560    <hidden>
    SLICE_X89Y87         FDRE (Hold_fdre_C_D)         0.105    -0.455    display/clk_div_reg[6]
  -------------------------------------------------------------------
                         required time                          0.455    <hidden>
                         arrival time                          -0.199    <hidden>
  -------------------------------------------------------------------
                         slack                                  0.256    <hidden>

Slack (MET) :             0.256ns  (arrival time - required time)
  Source:                 display/clk_div_reg[10]/C
                            (rising edge-triggered cell FDRE clocked by clk_out1_ip_clock_div_top  {rise@0.000ns fall@100.000ns period=200.000ns})
  Destination:            display/clk_div_reg[10]/D
                            (rising edge-triggered cell FDRE clocked by clk_out1_ip_clock_div_top  {rise@0.000ns fall@100.000ns period=200.000ns})
  Path Group:             clk_out1_ip_clock_div_top
  Path Type:              Hold (Min at Fast Process Corner)
  Requirement:            0.000ns  (clk_out1_ip_clock_div_top rise@0.000ns - clk_out1_ip_clock_div_top rise@0.000ns)
  Data Path Delay:        0.361ns  (logic 0.252ns (69.733%)  route 0.109ns (30.267%))
  Logic Levels:           1  (CARRY4=1)
  Clock Path Skew:        0.000ns (DCD - SCD - CPR)
    Destination Clock Delay (DCD):    -0.796ns
    Source Clock Delay      (SCD):    -0.559ns
    Clock Pessimism Removal (CPR):    -0.237ns

    Location             Delay type                Incr(ns)  Path(ns)    Netlist Resource(s)
  -------------------------------------------------------------------    -------------------
                         (clock clk_out1_ip_clock_div_top rise edge)
                                                      0.000     0.000 r  <hidden>
    E3                                                0.000     0.000 r  board_clk
                         net (fo=0)                   0.000     0.000    clk_5M/inst/clk_in1
    E3                   IBUF (Prop_ibuf_I_O)         0.250     0.250 r  clk_5M/inst/clkin1_ibufg/O
                         net (fo=1, routed)           0.440     0.690    clk_5M/inst/clk_in1_ip_clock_div_top
    MMCME2_ADV_X1Y2      MMCME2_ADV (Prop_mmcme2_adv_CLKIN1_CLKOUT0)
                                                     -2.379    -1.689 r  clk_5M/inst/mmcm_adv_inst/CLKOUT0
                         net (fo=1, routed)           0.499    -1.190    clk_5M/inst/clk_out1_ip_clock_div_top
    BUFGCTRL_X0Y16       BUFG (Prop_bufg_I_O)         0.026    -1.164 r  clk_5M/inst/clkout1_buf/O
                         net (fo=34, routed)          0.605    -0.559    display/clk_out1
    SLICE_X89Y88         FDRE                                         r  display/clk_div_reg[10]/C
  -------------------------------------------------------------------    -------------------
    SLICE_X89Y88         FDRE (Prop_fdre_C_Q)         0.141    -0.418 r  display/clk_div_reg[10]/Q
                         net (fo=1, routed)           0.109    -0.309    display/clk_div_reg_n_0_[10]
    SLICE_X89Y88         CARRY4 (Prop_carry4_S[2]_O[2])
                                                      0.111    -0.198 r  display/clk_div_reg[8]_i_1/O[2]
                         net (fo=1, routed)           0.000    -0.198    display/clk_div_reg[8]_i_1_n_5
    SLICE_X89Y88         FDRE                                         r  display/clk_div_reg[10]/D
  -------------------------------------------------------------------    -------------------

                         (clock clk_out1_ip_clock_div_top rise edge)
                                                      0.000     0.000 r  <hidden>
    E3                                                0.000     0.000 r  board_clk
                         net (fo=0)                   0.000     0.000    clk_5M/inst/clk_in1
    E3                   IBUF (Prop_ibuf_I_O)         0.438     0.438 r  clk_5M/inst/clkin1_ibufg/O
                         net (fo=1, routed)           0.480     0.918    clk_5M/inst/clk_in1_ip_clock_div_top
    MMCME2_ADV_X1Y2      MMCME2_ADV (Prop_mmcme2_adv_CLKIN1_CLKOUT0)
                                                     -3.163    -2.245 r  clk_5M/inst/mmcm_adv_inst/CLKOUT0
                         net (fo=1, routed)           0.544    -1.702    clk_5M/inst/clk_out1_ip_clock_div_top
    BUFGCTRL_X0Y16       BUFG (Prop_bufg_I_O)         0.029    -1.673 r  clk_5M/inst/clkout1_buf/O
                         net (fo=34, routed)          0.877    -0.796    display/clk_out1
    SLICE_X89Y88         FDRE                                         r  display/clk_div_reg[10]/C
                         clock pessimism              0.237    -0.559    <hidden>
    SLICE_X89Y88         FDRE (Hold_fdre_C_D)         0.105    -0.454    display/clk_div_reg[10]
  -------------------------------------------------------------------
                         required time                          0.454    <hidden>
                         arrival time                          -0.198    <hidden>
  -------------------------------------------------------------------
                         slack                                  0.256    <hidden>

Slack (MET) :             0.256ns  (arrival time - required time)
  Source:                 display/clk_div_reg[2]/C
                            (rising edge-triggered cell FDRE clocked by clk_out1_ip_clock_div_top  {rise@0.000ns fall@100.000ns period=200.000ns})
  Destination:            display/clk_div_reg[2]/D
                            (rising edge-triggered cell FDRE clocked by clk_out1_ip_clock_div_top  {rise@0.000ns fall@100.000ns period=200.000ns})
  Path Group:             clk_out1_ip_clock_div_top
  Path Type:              Hold (Min at Fast Process Corner)
  Requirement:            0.000ns  (clk_out1_ip_clock_div_top rise@0.000ns - clk_out1_ip_clock_div_top rise@0.000ns)
  Data Path Delay:        0.361ns  (logic 0.252ns (69.733%)  route 0.109ns (30.267%))
  Logic Levels:           1  (CARRY4=1)
  Clock Path Skew:        0.000ns (DCD - SCD - CPR)
    Destination Clock Delay (DCD):    -0.799ns
    Source Clock Delay      (SCD):    -0.561ns
    Clock Pessimism Removal (CPR):    -0.238ns

    Location             Delay type                Incr(ns)  Path(ns)    Netlist Resource(s)
  -------------------------------------------------------------------    -------------------
                         (clock clk_out1_ip_clock_div_top rise edge)
                                                      0.000     0.000 r  <hidden>
    E3                                                0.000     0.000 r  board_clk
                         net (fo=0)                   0.000     0.000    clk_5M/inst/clk_in1
    E3                   IBUF (Prop_ibuf_I_O)         0.250     0.250 r  clk_5M/inst/clkin1_ibufg/O
                         net (fo=1, routed)           0.440     0.690    clk_5M/inst/clk_in1_ip_clock_div_top
    MMCME2_ADV_X1Y2      MMCME2_ADV (Prop_mmcme2_adv_CLKIN1_CLKOUT0)
                                                     -2.379    -1.689 r  clk_5M/inst/mmcm_adv_inst/CLKOUT0
                         net (fo=1, routed)           0.499    -1.190    clk_5M/inst/clk_out1_ip_clock_div_top
    BUFGCTRL_X0Y16       BUFG (Prop_bufg_I_O)         0.026    -1.164 r  clk_5M/inst/clkout1_buf/O
                         net (fo=34, routed)          0.603    -0.561    display/clk_out1
    SLICE_X89Y86         FDRE                                         r  display/clk_div_reg[2]/C
  -------------------------------------------------------------------    -------------------
    SLICE_X89Y86         FDRE (Prop_fdre_C_Q)         0.141    -0.420 r  display/clk_div_reg[2]/Q
                         net (fo=1, routed)           0.109    -0.311    display/clk_div_reg_n_0_[2]
    SLICE_X89Y86         CARRY4 (Prop_carry4_S[2]_O[2])
                                                      0.111    -0.200 r  display/clk_div_reg[0]_i_1/O[2]
                         net (fo=1, routed)           0.000    -0.200    display/clk_div_reg[0]_i_1_n_5
    SLICE_X89Y86         FDRE                                         r  display/clk_div_reg[2]/D
  -------------------------------------------------------------------    -------------------

                         (clock clk_out1_ip_clock_div_top rise edge)
                                                      0.000     0.000 r  <hidden>
    E3                                                0.000     0.000 r  board_clk
                         net (fo=0)                   0.000     0.000    clk_5M/inst/clk_in1
    E3                   IBUF (Prop_ibuf_I_O)         0.438     0.438 r  clk_5M/inst/clkin1_ibufg/O
                         net (fo=1, routed)           0.480     0.918    clk_5M/inst/clk_in1_ip_clock_div_top
    MMCME2_ADV_X1Y2      MMCME2_ADV (Prop_mmcme2_adv_CLKIN1_CLKOUT0)
                                                     -3.163    -2.245 r  clk_5M/inst/mmcm_adv_inst/CLKOUT0
                         net (fo=1, routed)           0.544    -1.702    clk_5M/inst/clk_out1_ip_clock_div_top
    BUFGCTRL_X0Y16       BUFG (Prop_bufg_I_O)         0.029    -1.673 r  clk_5M/inst/clkout1_buf/O
                         net (fo=34, routed)          0.874    -0.799    display/clk_out1
    SLICE_X89Y86         FDRE                                         r  display/clk_div_reg[2]/C
                         clock pessimism              0.238    -0.561    <hidden>
    SLICE_X89Y86         FDRE (Hold_fdre_C_D)         0.105    -0.456    display/clk_div_reg[2]
  -------------------------------------------------------------------
                         required time                          0.456    <hidden>
                         arrival time                          -0.200    <hidden>
  -------------------------------------------------------------------
                         slack                                  0.256    <hidden>

Slack (MET) :             0.269ns  (arrival time - required time)
  Source:                 display/clk_div_reg[14]/C
                            (rising edge-triggered cell FDRE clocked by clk_out1_ip_clock_div_top  {rise@0.000ns fall@100.000ns period=200.000ns})
  Destination:            display/clk_div_reg[14]/D
                            (rising edge-triggered cell FDRE clocked by clk_out1_ip_clock_div_top  {rise@0.000ns fall@100.000ns period=200.000ns})
  Path Group:             clk_out1_ip_clock_div_top
  Path Type:              Hold (Min at Fast Process Corner)
  Requirement:            0.000ns  (clk_out1_ip_clock_div_top rise@0.000ns - clk_out1_ip_clock_div_top rise@0.000ns)
  Data Path Delay:        0.374ns  (logic 0.252ns (67.456%)  route 0.122ns (32.544%))
  Logic Levels:           1  (CARRY4=1)
  Clock Path Skew:        0.000ns (DCD - SCD - CPR)
    Destination Clock Delay (DCD):    -0.796ns
    Source Clock Delay      (SCD):    -0.559ns
    Clock Pessimism Removal (CPR):    -0.237ns

    Location             Delay type                Incr(ns)  Path(ns)    Netlist Resource(s)
  -------------------------------------------------------------------    -------------------
                         (clock clk_out1_ip_clock_div_top rise edge)
                                                      0.000     0.000 r  <hidden>
    E3                                                0.000     0.000 r  board_clk
                         net (fo=0)                   0.000     0.000    clk_5M/inst/clk_in1
    E3                   IBUF (Prop_ibuf_I_O)         0.250     0.250 r  clk_5M/inst/clkin1_ibufg/O
                         net (fo=1, routed)           0.440     0.690    clk_5M/inst/clk_in1_ip_clock_div_top
    MMCME2_ADV_X1Y2      MMCME2_ADV (Prop_mmcme2_adv_CLKIN1_CLKOUT0)
                                                     -2.379    -1.689 r  clk_5M/inst/mmcm_adv_inst/CLKOUT0
                         net (fo=1, routed)           0.499    -1.190    clk_5M/inst/clk_out1_ip_clock_div_top
    BUFGCTRL_X0Y16       BUFG (Prop_bufg_I_O)         0.026    -1.164 r  clk_5M/inst/clkout1_buf/O
                         net (fo=34, routed)          0.605    -0.559    display/clk_out1
    SLICE_X89Y89         FDRE                                         r  display/clk_div_reg[14]/C
  -------------------------------------------------------------------    -------------------
    SLICE_X89Y89         FDRE (Prop_fdre_C_Q)         0.141    -0.418 r  display/clk_div_reg[14]/Q
                         net (fo=7, routed)           0.122    -0.297    display/clk
    SLICE_X89Y89         CARRY4 (Prop_carry4_S[2]_O[2])
                                                      0.111    -0.186 r  display/clk_div_reg[12]_i_1/O[2]
                         net (fo=1, routed)           0.000    -0.186    display/clk_div_reg[12]_i_1_n_5
    SLICE_X89Y89         FDRE                                         r  display/clk_div_reg[14]/D
  -------------------------------------------------------------------    -------------------

                         (clock clk_out1_ip_clock_div_top rise edge)
                                                      0.000     0.000 r  <hidden>
    E3                                                0.000     0.000 r  board_clk
                         net (fo=0)                   0.000     0.000    clk_5M/inst/clk_in1
    E3                   IBUF (Prop_ibuf_I_O)         0.438     0.438 r  clk_5M/inst/clkin1_ibufg/O
                         net (fo=1, routed)           0.480     0.918    clk_5M/inst/clk_in1_ip_clock_div_top
    MMCME2_ADV_X1Y2      MMCME2_ADV (Prop_mmcme2_adv_CLKIN1_CLKOUT0)
                                                     -3.163    -2.245 r  clk_5M/inst/mmcm_adv_inst/CLKOUT0
                         net (fo=1, routed)           0.544    -1.702    clk_5M/inst/clk_out1_ip_clock_div_top
    BUFGCTRL_X0Y16       BUFG (Prop_bufg_I_O)         0.029    -1.673 r  clk_5M/inst/clkout1_buf/O
                         net (fo=34, routed)          0.877    -0.796    display/clk_out1
    SLICE_X89Y89         FDRE                                         r  display/clk_div_reg[14]/C
                         clock pessimism              0.237    -0.559    <hidden>
    SLICE_X89Y89         FDRE (Hold_fdre_C_D)         0.105    -0.454    display/clk_div_reg[14]
  -------------------------------------------------------------------
                         required time                          0.454    <hidden>
                         arrival time                          -0.186    <hidden>
  -------------------------------------------------------------------
                         slack                                  0.269    <hidden>





Pulse Width Checks
--------------------------------------------------------------------------------------
Clock Name:         clk_out1_ip_clock_div_top
Waveform(ns):       { 0.000 100.000 }
Period(ns):         200.000
Sources:            { clk_5M/inst/mmcm_adv_inst/CLKOUT0 }

Check Type        Corner  Lib Pin             Reference Pin  Required(ns)  Actual(ns)  Slack(ns)  Location         Pin
Min Period        n/a     BUFG/I              n/a            2.155         200.000     197.845    BUFGCTRL_X0Y16   clk_5M/inst/clkout1_buf/I
Min Period        n/a     MMCME2_ADV/CLKOUT0  n/a            1.249         200.000     198.751    MMCME2_ADV_X1Y2  clk_5M/inst/mmcm_adv_inst/CLKOUT0
Min Period        n/a     FDRE/C              n/a            1.000         200.000     199.000    SLICE_X89Y86     display/clk_div_reg[0]/C
Min Period        n/a     FDRE/C              n/a            1.000         200.000     199.000    SLICE_X89Y88     display/clk_div_reg[10]/C
Min Period        n/a     FDRE/C              n/a            1.000         200.000     199.000    SLICE_X89Y88     display/clk_div_reg[11]/C
Min Period        n/a     FDRE/C              n/a            1.000         200.000     199.000    SLICE_X89Y89     display/clk_div_reg[12]/C
Min Period        n/a     FDRE/C              n/a            1.000         200.000     199.000    SLICE_X89Y89     display/clk_div_reg[13]/C
Min Period        n/a     FDRE/C              n/a            1.000         200.000     199.000    SLICE_X89Y89     display/clk_div_reg[14]/C
Min Period        n/a     FDRE/C              n/a            1.000         200.000     199.000    SLICE_X89Y86     display/clk_div_reg[1]/C
Min Period        n/a     FDRE/C              n/a            1.000         200.000     199.000    SLICE_X89Y86     display/clk_div_reg[2]/C
Max Period        n/a     MMCME2_ADV/CLKOUT0  n/a            213.360       200.000     13.360     MMCME2_ADV_X1Y2  clk_5M/inst/mmcm_adv_inst/CLKOUT0
Low Pulse Width   Slow    FDRE/C              n/a            0.500         100.000     99.500     SLICE_X89Y86     display/clk_div_reg[0]/C
Low Pulse Width   Fast    FDRE/C              n/a            0.500         100.000     99.500     SLICE_X89Y86     display/clk_div_reg[0]/C
Low Pulse Width   Slow    FDRE/C              n/a            0.500         100.000     99.500     SLICE_X89Y88     display/clk_div_reg[10]/C
Low Pulse Width   Fast    FDRE/C              n/a            0.500         100.000     99.500     SLICE_X89Y88     display/clk_div_reg[10]/C
Low Pulse Width   Slow    FDRE/C              n/a            0.500         100.000     99.500     SLICE_X89Y88     display/clk_div_reg[11]/C
Low Pulse Width   Fast    FDRE/C              n/a            0.500         100.000     99.500     SLICE_X89Y88     display/clk_div_reg[11]/C
Low Pulse Width   Slow    FDRE/C              n/a            0.500         100.000     99.500     SLICE_X89Y89     display/clk_div_reg[12]/C
Low Pulse Width   Fast    FDRE/C              n/a            0.500         100.000     99.500     SLICE_X89Y89     display/clk_div_reg[12]/C
Low Pulse Width   Slow    FDRE/C              n/a            0.500         100.000     99.500     SLICE_X89Y89     display/clk_div_reg[13]/C
Low Pulse Width   Fast    FDRE/C              n/a            0.500         100.000     99.500     SLICE_X89Y89     display/clk_div_reg[13]/C
High Pulse Width  Slow    FDRE/C              n/a            0.500         100.000     99.500     SLICE_X89Y86     display/clk_div_reg[0]/C
High Pulse Width  Fast    FDRE/C              n/a            0.500         100.000     99.500     SLICE_X89Y86     display/clk_div_reg[0]/C
High Pulse Width  Slow    FDRE/C              n/a            0.500         100.000     99.500     SLICE_X89Y88     display/clk_div_reg[10]/C
High Pulse Width  Fast    FDRE/C              n/a            0.500         100.000     99.500     SLICE_X89Y88     display/clk_div_reg[10]/C
High Pulse Width  Slow    FDRE/C              n/a            0.500         100.000     99.500     SLICE_X89Y88     display/clk_div_reg[11]/C
High Pulse Width  Fast    FDRE/C              n/a            0.500         100.000     99.500     SLICE_X89Y88     display/clk_div_reg[11]/C
High Pulse Width  Slow    FDRE/C              n/a            0.500         100.000     99.500     SLICE_X89Y89     display/clk_div_reg[12]/C
High Pulse Width  Fast    FDRE/C              n/a            0.500         100.000     99.500     SLICE_X89Y89     display/clk_div_reg[12]/C
High Pulse Width  Slow    FDRE/C              n/a            0.500         100.000     99.500     SLICE_X89Y89     display/clk_div_reg[13]/C
High Pulse Width  Fast    FDRE/C              n/a            0.500         100.000     99.500     SLICE_X89Y89     display/clk_div_reg[13]/C



---------------------------------------------------------------------------------------------------
From Clock:  clkfbout_ip_clock_div_top
  To Clock:  clkfbout_ip_clock_div_top

Setup :           NA  Failing Endpoints,  Worst Slack           NA  ,  Total Violation           NA
Hold  :           NA  Failing Endpoints,  Worst Slack           NA  ,  Total Violation           NA
PW    :            0  Failing Endpoints,  Worst Slack       47.845ns,  Total Violation        0.000ns
---------------------------------------------------------------------------------------------------


Pulse Width Checks
--------------------------------------------------------------------------------------
Clock Name:         clkfbout_ip_clock_div_top
Waveform(ns):       { 0.000 25.000 }
Period(ns):         50.000
Sources:            { clk_5M/inst/mmcm_adv_inst/CLKFBOUT }

Check Type  Corner  Lib Pin              Reference Pin  Required(ns)  Actual(ns)  Slack(ns)  Location         Pin
Min Period  n/a     BUFG/I               n/a            2.155         50.000      47.845     BUFGCTRL_X0Y17   clk_5M/inst/clkf_buf/I
Min Period  n/a     MMCME2_ADV/CLKFBOUT  n/a            1.249         50.000      48.751     MMCME2_ADV_X1Y2  clk_5M/inst/mmcm_adv_inst/CLKFBOUT
Min Period  n/a     MMCME2_ADV/CLKFBIN   n/a            1.249         50.000      48.751     MMCME2_ADV_X1Y2  clk_5M/inst/mmcm_adv_inst/CLKFBIN
Max Period  n/a     MMCME2_ADV/CLKFBIN   n/a            100.000       50.000      50.000     MMCME2_ADV_X1Y2  clk_5M/inst/mmcm_adv_inst/CLKFBIN
Max Period  n/a     MMCME2_ADV/CLKFBOUT  n/a            213.360       50.000      163.360    MMCME2_ADV_X1Y2  clk_5M/inst/mmcm_adv_inst/CLKFBOUT



--------------------------------------------------------------------------------------
Path Group:  (none)
From Clock:  
  To Clock:  

Max Delay            77 Endpoints
Min Delay            77 Endpoints
--------------------------------------------------------------------------------------


Max Delay Paths
--------------------------------------------------------------------------------------
Slack:                    inf
  Source:                 display/display_driver/sel_reg[1]/C
                            (rising edge-triggered cell FDCE)
  Destination:            sev_seg_leds[2]
                            (output port)
  Path Group:             (none)
  Path Type:              Max at Slow Process Corner
  Data Path Delay:        8.403ns  (logic 4.661ns (55.471%)  route 3.742ns (44.529%))
  Logic Levels:           4  (FDCE=1 LUT4=1 LUT6=1 OBUF=1)

    Location             Delay type                Incr(ns)  Path(ns)    Netlist Resource(s)
  -------------------------------------------------------------------    -------------------
    SLICE_X88Y92         FDCE                         0.000     0.000 r  display/display_driver/sel_reg[1]/C
    SLICE_X88Y92         FDCE (Prop_fdce_C_Q)         0.478     0.478 r  display/display_driver/sel_reg[1]/Q
                         net (fo=9, routed)           1.025     1.503    display/display_driver/sel[1]
    SLICE_X86Y93         LUT6 (Prop_lut6_I4_O)        0.296     1.799 r  display/display_driver/sev_seg_leds_OBUF[7]_inst_i_3/O
                         net (fo=7, routed)           1.019     2.818    display/display_driver/sev_seg_leds_OBUF[7]_inst_i_3_n_0
    SLICE_X87Y92         LUT4 (Prop_lut4_I3_O)        0.152     2.970 r  display/display_driver/sev_seg_leds_OBUF[2]_inst_i_1/O
                         net (fo=1, routed)           1.698     4.668    sev_seg_leds_OBUF[2]
    N1                   OBUF (Prop_obuf_I_O)         3.735     8.403 r  sev_seg_leds_OBUF[2]_inst/O
                         net (fo=0)                   0.000     8.403    sev_seg_leds[2]
    N1                                                                r  sev_seg_leds[2]
  -------------------------------------------------------------------    -------------------

Slack:                    inf
  Source:                 display/display_driver/sel_reg[1]/C
                            (rising edge-triggered cell FDCE)
  Destination:            sev_seg_leds[5]
                            (output port)
  Path Group:             (none)
  Path Type:              Max at Slow Process Corner
  Data Path Delay:        8.363ns  (logic 4.657ns (55.683%)  route 3.706ns (44.317%))
  Logic Levels:           4  (FDCE=1 LUT4=1 LUT6=1 OBUF=1)

    Location             Delay type                Incr(ns)  Path(ns)    Netlist Resource(s)
  -------------------------------------------------------------------    -------------------
    SLICE_X88Y92         FDCE                         0.000     0.000 r  display/display_driver/sel_reg[1]/C
    SLICE_X88Y92         FDCE (Prop_fdce_C_Q)         0.478     0.478 r  display/display_driver/sel_reg[1]/Q
                         net (fo=9, routed)           1.020     1.498    display/display_driver/sel[1]
    SLICE_X86Y93         LUT6 (Prop_lut6_I4_O)        0.296     1.794 f  display/display_driver/sev_seg_leds_OBUF[7]_inst_i_5/O
                         net (fo=7, routed)           0.837     2.631    display/display_driver/sev_seg_leds_OBUF[7]_inst_i_5_n_0
    SLICE_X87Y92         LUT4 (Prop_lut4_I1_O)        0.152     2.783 r  display/display_driver/sev_seg_leds_OBUF[5]_inst_i_1/O
                         net (fo=1, routed)           1.849     4.632    sev_seg_leds_OBUF[5]
    K3                   OBUF (Prop_obuf_I_O)         3.731     8.363 r  sev_seg_leds_OBUF[5]_inst/O
                         net (fo=0)                   0.000     8.363    sev_seg_leds[5]
    K3                                                                r  sev_seg_leds[5]
  -------------------------------------------------------------------    -------------------

Slack:                    inf
  Source:                 display/display_driver/sel_reg[1]/C
                            (rising edge-triggered cell FDCE)
  Destination:            sev_seg_leds[3]
                            (output port)
  Path Group:             (none)
  Path Type:              Max at Slow Process Corner
  Data Path Delay:        8.311ns  (logic 4.408ns (53.041%)  route 3.903ns (46.959%))
  Logic Levels:           4  (FDCE=1 LUT4=1 LUT6=1 OBUF=1)

    Location             Delay type                Incr(ns)  Path(ns)    Netlist Resource(s)
  -------------------------------------------------------------------    -------------------
    SLICE_X88Y92         FDCE                         0.000     0.000 r  display/display_driver/sel_reg[1]/C
    SLICE_X88Y92         FDCE (Prop_fdce_C_Q)         0.478     0.478 r  display/display_driver/sel_reg[1]/Q
                         net (fo=9, routed)           1.025     1.503    display/display_driver/sel[1]
    SLICE_X86Y93         LUT6 (Prop_lut6_I4_O)        0.296     1.799 f  display/display_driver/sev_seg_leds_OBUF[7]_inst_i_3/O
                         net (fo=7, routed)           1.019     2.818    display/display_driver/sev_seg_leds_OBUF[7]_inst_i_3_n_0
    SLICE_X87Y92         LUT4 (Prop_lut4_I1_O)        0.124     2.942 r  display/display_driver/sev_seg_leds_OBUF[3]_inst_i_1/O
                         net (fo=1, routed)           1.859     4.801    sev_seg_leds_OBUF[3]
    L5                   OBUF (Prop_obuf_I_O)         3.510     8.311 r  sev_seg_leds_OBUF[3]_inst/O
                         net (fo=0)                   0.000     8.311    sev_seg_leds[3]
    L5                                                                r  sev_seg_leds[3]
  -------------------------------------------------------------------    -------------------

Slack:                    inf
  Source:                 sec_digit2/digit_reg[2]/C
                            (rising edge-triggered cell FDCE)
  Destination:            sev_seg_leds[7]
                            (output port)
  Path Group:             (none)
  Path Type:              Max at Slow Process Corner
  Data Path Delay:        8.134ns  (logic 4.596ns (56.501%)  route 3.538ns (43.499%))
  Logic Levels:           4  (FDCE=1 LUT4=1 LUT6=1 OBUF=1)

    Location             Delay type                Incr(ns)  Path(ns)    Netlist Resource(s)
  -------------------------------------------------------------------    -------------------
    SLICE_X86Y92         FDCE                         0.000     0.000 r  sec_digit2/digit_reg[2]/C
    SLICE_X86Y92         FDCE (Prop_fdce_C_Q)         0.419     0.419 r  sec_digit2/digit_reg[2]/Q
                         net (fo=4, routed)           0.840     1.259    display/display_driver/sev_seg_leds_OBUF[7]_inst_i_1_2[2]
    SLICE_X87Y93         LUT6 (Prop_lut6_I5_O)        0.297     1.556 r  display/display_driver/sev_seg_leds_OBUF[7]_inst_i_4/O
                         net (fo=7, routed)           0.988     2.544    display/display_driver/sev_seg_leds_OBUF[7]_inst_i_4_n_0
    SLICE_X87Y92         LUT4 (Prop_lut4_I2_O)        0.154     2.698 r  display/display_driver/sev_seg_leds_OBUF[7]_inst_i_1/O
                         net (fo=1, routed)           1.711     4.408    sev_seg_leds_OBUF[7]
    L6                   OBUF (Prop_obuf_I_O)         3.726     8.134 r  sev_seg_leds_OBUF[7]_inst/O
                         net (fo=0)                   0.000     8.134    sev_seg_leds[7]
    L6                                                                r  sev_seg_leds[7]
  -------------------------------------------------------------------    -------------------

Slack:                    inf
  Source:                 sec_digit2/digit_reg[2]/C
                            (rising edge-triggered cell FDCE)
  Destination:            sev_seg_leds[6]
                            (output port)
  Path Group:             (none)
  Path Type:              Max at Slow Process Corner
  Data Path Delay:        8.008ns  (logic 4.372ns (54.592%)  route 3.636ns (45.408%))
  Logic Levels:           4  (FDCE=1 LUT4=1 LUT6=1 OBUF=1)

    Location             Delay type                Incr(ns)  Path(ns)    Netlist Resource(s)
  -------------------------------------------------------------------    -------------------
    SLICE_X86Y92         FDCE                         0.000     0.000 r  sec_digit2/digit_reg[2]/C
    SLICE_X86Y92         FDCE (Prop_fdce_C_Q)         0.419     0.419 r  sec_digit2/digit_reg[2]/Q
                         net (fo=4, routed)           0.840     1.259    display/display_driver/sev_seg_leds_OBUF[7]_inst_i_1_2[2]
    SLICE_X87Y93         LUT6 (Prop_lut6_I5_O)        0.297     1.556 r  display/display_driver/sev_seg_leds_OBUF[7]_inst_i_4/O
                         net (fo=7, routed)           0.988     2.544    display/display_driver/sev_seg_leds_OBUF[7]_inst_i_4_n_0
    SLICE_X87Y92         LUT4 (Prop_lut4_I1_O)        0.124     2.668 r  display/display_driver/sev_seg_leds_OBUF[6]_inst_i_1/O
                         net (fo=1, routed)           1.809     4.476    sev_seg_leds_OBUF[6]
    M2                   OBUF (Prop_obuf_I_O)         3.532     8.008 r  sev_seg_leds_OBUF[6]_inst/O
                         net (fo=0)                   0.000     8.008    sev_seg_leds[6]
    M2                                                                r  sev_seg_leds[6]
  -------------------------------------------------------------------    -------------------

Slack:                    inf
  Source:                 display/display_driver/sel_reg[1]/C
                            (rising edge-triggered cell FDCE)
  Destination:            sev_seg_leds[4]
                            (output port)
  Path Group:             (none)
  Path Type:              Max at Slow Process Corner
  Data Path Delay:        7.996ns  (logic 4.422ns (55.306%)  route 3.574ns (44.694%))
  Logic Levels:           4  (FDCE=1 LUT4=1 LUT6=1 OBUF=1)

    Location             Delay type                Incr(ns)  Path(ns)    Netlist Resource(s)
  -------------------------------------------------------------------    -------------------
    SLICE_X88Y92         FDCE                         0.000     0.000 r  display/display_driver/sel_reg[1]/C
    SLICE_X88Y92         FDCE (Prop_fdce_C_Q)         0.478     0.478 r  display/display_driver/sel_reg[1]/Q
                         net (fo=9, routed)           1.020     1.498    display/display_driver/sel[1]
    SLICE_X86Y93         LUT6 (Prop_lut6_I4_O)        0.296     1.794 r  display/display_driver/sev_seg_leds_OBUF[7]_inst_i_5/O
                         net (fo=7, routed)           0.837     2.631    display/display_driver/sev_seg_leds_OBUF[7]_inst_i_5_n_0
    SLICE_X87Y92         LUT4 (Prop_lut4_I3_O)        0.124     2.755 r  display/display_driver/sev_seg_leds_OBUF[4]_inst_i_1/O
                         net (fo=1, routed)           1.717     4.472    sev_seg_leds_OBUF[4]
    L4                   OBUF (Prop_obuf_I_O)         3.524     7.996 r  sev_seg_leds_OBUF[4]_inst/O
                         net (fo=0)                   0.000     7.996    sev_seg_leds[4]
    L4                                                                r  sev_seg_leds[4]
  -------------------------------------------------------------------    -------------------

Slack:                    inf
  Source:                 display/display_driver/sel_reg[1]/C
                            (rising edge-triggered cell FDCE)
  Destination:            sev_seg_leds[1]
                            (output port)
  Path Group:             (none)
  Path Type:              Max at Slow Process Corner
  Data Path Delay:        7.923ns  (logic 4.420ns (55.791%)  route 3.503ns (44.209%))
  Logic Levels:           4  (FDCE=1 LUT4=1 LUT6=1 OBUF=1)

    Location             Delay type                Incr(ns)  Path(ns)    Netlist Resource(s)
  -------------------------------------------------------------------    -------------------
    SLICE_X88Y92         FDCE                         0.000     0.000 r  display/display_driver/sel_reg[1]/C
    SLICE_X88Y92         FDCE (Prop_fdce_C_Q)         0.478     0.478 r  display/display_driver/sel_reg[1]/Q
                         net (fo=9, routed)           1.025     1.503    display/display_driver/sel[1]
    SLICE_X86Y93         LUT6 (Prop_lut6_I4_O)        0.296     1.799 r  display/display_driver/sev_seg_leds_OBUF[7]_inst_i_3/O
                         net (fo=7, routed)           0.671     2.470    display/display_driver/sev_seg_leds_OBUF[7]_inst_i_3_n_0
    SLICE_X87Y93         LUT4 (Prop_lut4_I2_O)        0.124     2.594 r  display/display_driver/sev_seg_leds_OBUF[1]_inst_i_1/O
                         net (fo=1, routed)           1.807     4.401    sev_seg_leds_OBUF[1]
    L3                   OBUF (Prop_obuf_I_O)         3.522     7.923 r  sev_seg_leds_OBUF[1]_inst/O
                         net (fo=0)                   0.000     7.923    sev_seg_leds[1]
    L3                                                                r  sev_seg_leds[1]
  -------------------------------------------------------------------    -------------------

Slack:                    inf
  Source:                 reset
                            (input port)
  Destination:            sec_get_clk/clk_counter_reg[0]/CLR
  Path Group:             (none)
  Path Type:              Max at Slow Process Corner
  Data Path Delay:        7.202ns  (logic 1.524ns (21.162%)  route 5.678ns (78.838%))
  Logic Levels:           1  (IBUF=1)

    Location             Delay type                Incr(ns)  Path(ns)    Netlist Resource(s)
  -------------------------------------------------------------------    -------------------
    V10                                               0.000     0.000 f  reset
                         net (fo=0)                   0.000     0.000    reset
    V10                  IBUF (Prop_ibuf_I_O)         1.524     1.524 f  reset_IBUF_inst/O
                         net (fo=67, routed)          5.678     7.202    sec_get_clk/AS[0]
    SLICE_X86Y95         FDCE                                         f  sec_get_clk/clk_counter_reg[0]/CLR
  -------------------------------------------------------------------    -------------------

Slack:                    inf
  Source:                 reset
                            (input port)
  Destination:            sec_get_clk/clk_counter_reg[1]/CLR
  Path Group:             (none)
  Path Type:              Max at Slow Process Corner
  Data Path Delay:        7.202ns  (logic 1.524ns (21.162%)  route 5.678ns (78.838%))
  Logic Levels:           1  (IBUF=1)

    Location             Delay type                Incr(ns)  Path(ns)    Netlist Resource(s)
  -------------------------------------------------------------------    -------------------
    V10                                               0.000     0.000 f  reset
                         net (fo=0)                   0.000     0.000    reset
    V10                  IBUF (Prop_ibuf_I_O)         1.524     1.524 f  reset_IBUF_inst/O
                         net (fo=67, routed)          5.678     7.202    sec_get_clk/AS[0]
    SLICE_X86Y95         FDCE                                         f  sec_get_clk/clk_counter_reg[1]/CLR
  -------------------------------------------------------------------    -------------------

Slack:                    inf
  Source:                 reset
                            (input port)
  Destination:            sec_get_clk/clk_counter_reg[2]/CLR
  Path Group:             (none)
  Path Type:              Max at Slow Process Corner
  Data Path Delay:        7.202ns  (logic 1.524ns (21.162%)  route 5.678ns (78.838%))
  Logic Levels:           1  (IBUF=1)

    Location             Delay type                Incr(ns)  Path(ns)    Netlist Resource(s)
  -------------------------------------------------------------------    -------------------
    V10                                               0.000     0.000 f  reset
                         net (fo=0)                   0.000     0.000    reset
    V10                  IBUF (Prop_ibuf_I_O)         1.524     1.524 f  reset_IBUF_inst/O
                         net (fo=67, routed)          5.678     7.202    sec_get_clk/AS[0]
    SLICE_X86Y95         FDCE                                         f  sec_get_clk/clk_counter_reg[2]/CLR
  -------------------------------------------------------------------    -------------------





Min Delay Paths
--------------------------------------------------------------------------------------
Slack:                    inf
  Source:                 min_get_clk/clk_counter_reg[1]/C
                            (rising edge-triggered cell FDCE)
  Destination:            min_get_clk/clk_out_reg/D
  Path Group:             (none)
  Path Type:              Min at Fast Process Corner
  Data Path Delay:        0.302ns  (logic 0.227ns (75.183%)  route 0.075ns (24.817%))
  Logic Levels:           2  (FDCE=1 LUT4=1)

    Location             Delay type                Incr(ns)  Path(ns)    Netlist Resource(s)
  -------------------------------------------------------------------    -------------------
    SLICE_X86Y92         FDCE                         0.000     0.000 r  min_get_clk/clk_counter_reg[1]/C
    SLICE_X86Y92         FDCE (Prop_fdce_C_Q)         0.128     0.128 r  min_get_clk/clk_counter_reg[1]/Q
                         net (fo=3, routed)           0.075     0.203    min_get_clk/clk_counter_reg_n_0_[1]
    SLICE_X86Y92         LUT4 (Prop_lut4_I1_O)        0.099     0.302 r  min_get_clk/clk_out_i_1/O
                         net (fo=1, routed)           0.000     0.302    min_get_clk/clk_out_i_1_n_0
    SLICE_X86Y92         FDPE                                         r  min_get_clk/clk_out_reg/D
  -------------------------------------------------------------------    -------------------

Slack:                    inf
  Source:                 sec2_get_clk/clk_counter_reg[2]/C
                            (rising edge-triggered cell FDCE)
  Destination:            sec2_get_clk/clk_out_reg/D
  Path Group:             (none)
  Path Type:              Min at Fast Process Corner
  Data Path Delay:        0.317ns  (logic 0.246ns (77.542%)  route 0.071ns (22.458%))
  Logic Levels:           2  (FDCE=1 LUT5=1)

    Location             Delay type                Incr(ns)  Path(ns)    Netlist Resource(s)
  -------------------------------------------------------------------    -------------------
    SLICE_X88Y93         FDCE                         0.000     0.000 r  sec2_get_clk/clk_counter_reg[2]/C
    SLICE_X88Y93         FDCE (Prop_fdce_C_Q)         0.148     0.148 r  sec2_get_clk/clk_counter_reg[2]/Q
                         net (fo=3, routed)           0.071     0.219    sec2_get_clk/clk_counter_reg_n_0_[2]
    SLICE_X88Y93         LUT5 (Prop_lut5_I2_O)        0.098     0.317 r  sec2_get_clk/clk_out_i_1__0/O
                         net (fo=1, routed)           0.000     0.317    sec2_get_clk/clk_out_i_1__0_n_0
    SLICE_X88Y93         FDPE                                         r  sec2_get_clk/clk_out_reg/D
  -------------------------------------------------------------------    -------------------

Slack:                    inf
  Source:                 sec_get_clk/clk_counter_reg[0]/C
                            (rising edge-triggered cell FDCE)
  Destination:            sec_get_clk/clk_out_reg/D
  Path Group:             (none)
  Path Type:              Min at Fast Process Corner
  Data Path Delay:        0.330ns  (logic 0.186ns (56.297%)  route 0.144ns (43.703%))
  Logic Levels:           2  (FDCE=1 LUT5=1)

    Location             Delay type                Incr(ns)  Path(ns)    Netlist Resource(s)
  -------------------------------------------------------------------    -------------------
    SLICE_X86Y95         FDCE                         0.000     0.000 r  sec_get_clk/clk_counter_reg[0]/C
    SLICE_X86Y95         FDCE (Prop_fdce_C_Q)         0.141     0.141 r  sec_get_clk/clk_counter_reg[0]/Q
                         net (fo=4, routed)           0.144     0.285    sec_get_clk/clk_counter_reg_n_0_[0]
    SLICE_X86Y95         LUT5 (Prop_lut5_I3_O)        0.045     0.330 r  sec_get_clk/clk_out_i_1__1/O
                         net (fo=1, routed)           0.000     0.330    sec_get_clk/clk_out_i_1__1_n_0
    SLICE_X86Y95         FDPE                                         r  sec_get_clk/clk_out_reg/D
  -------------------------------------------------------------------    -------------------

Slack:                    inf
  Source:                 ms_digit/digit_reg[0]/C
                            (rising edge-triggered cell FDCE)
  Destination:            ms_digit/digit_reg[1]/D
  Path Group:             (none)
  Path Type:              Min at Fast Process Corner
  Data Path Delay:        0.342ns  (logic 0.186ns (54.336%)  route 0.156ns (45.664%))
  Logic Levels:           2  (FDCE=1 LUT4=1)

    Location             Delay type                Incr(ns)  Path(ns)    Netlist Resource(s)
  -------------------------------------------------------------------    -------------------
    SLICE_X87Y94         FDCE                         0.000     0.000 r  ms_digit/digit_reg[0]/C
    SLICE_X87Y94         FDCE (Prop_fdce_C_Q)         0.141     0.141 r  ms_digit/digit_reg[0]/Q
                         net (fo=5, routed)           0.156     0.297    ms_digit/Q[0]
    SLICE_X87Y93         LUT4 (Prop_lut4_I0_O)        0.045     0.342 r  ms_digit/digit[1]_i_1__2/O
                         net (fo=1, routed)           0.000     0.342    ms_digit/digit[1]_i_1__2_n_0
    SLICE_X87Y93         FDCE                                         r  ms_digit/digit_reg[1]/D
  -------------------------------------------------------------------    -------------------

Slack:                    inf
  Source:                 ms_digit/digit_reg[0]/C
                            (rising edge-triggered cell FDCE)
  Destination:            ms_digit/digit_reg[3]/D
  Path Group:             (none)
  Path Type:              Min at Fast Process Corner
  Data Path Delay:        0.345ns  (logic 0.189ns (54.733%)  route 0.156ns (45.267%))
  Logic Levels:           2  (FDCE=1 LUT4=1)

    Location             Delay type                Incr(ns)  Path(ns)    Netlist Resource(s)
  -------------------------------------------------------------------    -------------------
    SLICE_X87Y94         FDCE                         0.000     0.000 r  ms_digit/digit_reg[0]/C
    SLICE_X87Y94         FDCE (Prop_fdce_C_Q)         0.141     0.141 r  ms_digit/digit_reg[0]/Q
                         net (fo=5, routed)           0.156     0.297    ms_digit/Q[0]
    SLICE_X87Y93         LUT4 (Prop_lut4_I0_O)        0.048     0.345 r  ms_digit/digit[3]_i_1__2/O
                         net (fo=1, routed)           0.000     0.345    ms_digit/digit[3]_i_1__2_n_0
    SLICE_X87Y93         FDCE                                         r  ms_digit/digit_reg[3]/D
  -------------------------------------------------------------------    -------------------

Slack:                    inf
  Source:                 ms_digit/digit_reg[1]/C
                            (rising edge-triggered cell FDCE)
  Destination:            ms_digit/digit_reg[2]/D
  Path Group:             (none)
  Path Type:              Min at Fast Process Corner
  Data Path Delay:        0.349ns  (logic 0.189ns (54.096%)  route 0.160ns (45.904%))
  Logic Levels:           2  (FDCE=1 LUT3=1)

    Location             Delay type                Incr(ns)  Path(ns)    Netlist Resource(s)
  -------------------------------------------------------------------    -------------------
    SLICE_X87Y93         FDCE                         0.000     0.000 r  ms_digit/digit_reg[1]/C
    SLICE_X87Y93         FDCE (Prop_fdce_C_Q)         0.141     0.141 r  ms_digit/digit_reg[1]/Q
                         net (fo=4, routed)           0.160     0.301    ms_digit/Q[1]
    SLICE_X87Y94         LUT3 (Prop_lut3_I1_O)        0.048     0.349 r  ms_digit/digit[2]_i_1__1/O
                         net (fo=1, routed)           0.000     0.349    ms_digit/digit[2]_i_1__1_n_0
    SLICE_X87Y94         FDCE                                         r  ms_digit/digit_reg[2]/D
  -------------------------------------------------------------------    -------------------

Slack:                    inf
  Source:                 ms_digit/digit_reg[0]/C
                            (rising edge-triggered cell FDCE)
  Destination:            ms_digit/digit_reg[0]/D
  Path Group:             (none)
  Path Type:              Min at Fast Process Corner
  Data Path Delay:        0.354ns  (logic 0.186ns (52.507%)  route 0.168ns (47.493%))
  Logic Levels:           2  (FDCE=1 LUT1=1)

    Location             Delay type                Incr(ns)  Path(ns)    Netlist Resource(s)
  -------------------------------------------------------------------    -------------------
    SLICE_X87Y94         FDCE                         0.000     0.000 r  ms_digit/digit_reg[0]/C
    SLICE_X87Y94         FDCE (Prop_fdce_C_Q)         0.141     0.141 f  ms_digit/digit_reg[0]/Q
                         net (fo=5, routed)           0.168     0.309    ms_digit/Q[0]
    SLICE_X87Y94         LUT1 (Prop_lut1_I0_O)        0.045     0.354 r  ms_digit/digit[0]_i_1__0/O
                         net (fo=1, routed)           0.000     0.354    ms_digit/digit[0]_i_1__0_n_0
    SLICE_X87Y94         FDCE                                         r  ms_digit/digit_reg[0]/D
  -------------------------------------------------------------------    -------------------

Slack:                    inf
  Source:                 min_get_clk/clk_counter_reg[0]/C
                            (rising edge-triggered cell FDCE)
  Destination:            min_get_clk/clk_counter_reg[1]/D
  Path Group:             (none)
  Path Type:              Min at Fast Process Corner
  Data Path Delay:        0.367ns  (logic 0.183ns (49.904%)  route 0.184ns (50.096%))
  Logic Levels:           2  (FDCE=1 LUT3=1)

    Location             Delay type                Incr(ns)  Path(ns)    Netlist Resource(s)
  -------------------------------------------------------------------    -------------------
    SLICE_X86Y92         FDCE                         0.000     0.000 r  min_get_clk/clk_counter_reg[0]/C
    SLICE_X86Y92         FDCE (Prop_fdce_C_Q)         0.141     0.141 r  min_get_clk/clk_counter_reg[0]/Q
                         net (fo=3, routed)           0.184     0.325    min_get_clk/clk_counter_reg_n_0_[0]
    SLICE_X86Y92         LUT3 (Prop_lut3_I0_O)        0.042     0.367 r  min_get_clk/clk_counter[1]_i_1/O
                         net (fo=1, routed)           0.000     0.367    min_get_clk/clk_counter[1]_i_1_n_0
    SLICE_X86Y92         FDCE                                         r  min_get_clk/clk_counter_reg[1]/D
  -------------------------------------------------------------------    -------------------

Slack:                    inf
  Source:                 sec_digit2/digit_reg[1]/C
                            (rising edge-triggered cell FDCE)
  Destination:            sec_digit2/digit_reg[3]/D
  Path Group:             (none)
  Path Type:              Min at Fast Process Corner
  Data Path Delay:        0.367ns  (logic 0.183ns (49.841%)  route 0.184ns (50.159%))
  Logic Levels:           2  (FDCE=1 LUT4=1)

    Location             Delay type                Incr(ns)  Path(ns)    Netlist Resource(s)
  -------------------------------------------------------------------    -------------------
    SLICE_X86Y92         FDCE                         0.000     0.000 r  sec_digit2/digit_reg[1]/C
    SLICE_X86Y92         FDCE (Prop_fdce_C_Q)         0.141     0.141 r  sec_digit2/digit_reg[1]/Q
                         net (fo=4, routed)           0.184     0.325    sec_digit2/Q[1]
    SLICE_X86Y92         LUT4 (Prop_lut4_I2_O)        0.042     0.367 r  sec_digit2/digit[3]_i_1__0/O
                         net (fo=1, routed)           0.000     0.367    sec_digit2/digit[3]_i_1__0_n_0
    SLICE_X86Y92         FDCE                                         r  sec_digit2/digit_reg[3]/D
  -------------------------------------------------------------------    -------------------

Slack:                    inf
  Source:                 min_digit/digit_reg[0]/C
                            (rising edge-triggered cell FDCE)
  Destination:            min_digit/digit_reg[3]/D
  Path Group:             (none)
  Path Type:              Min at Fast Process Corner
  Data Path Delay:        0.368ns  (logic 0.184ns (50.043%)  route 0.184ns (49.957%))
  Logic Levels:           2  (FDCE=1 LUT4=1)

    Location             Delay type                Incr(ns)  Path(ns)    Netlist Resource(s)
  -------------------------------------------------------------------    -------------------
    SLICE_X86Y93         FDCE                         0.000     0.000 r  min_digit/digit_reg[0]/C
    SLICE_X86Y93         FDCE (Prop_fdce_C_Q)         0.141     0.141 r  min_digit/digit_reg[0]/Q
                         net (fo=5, routed)           0.184     0.325    min_digit/Q[0]
    SLICE_X86Y93         LUT4 (Prop_lut4_I0_O)        0.043     0.368 r  min_digit/digit[3]_i_1/O
                         net (fo=1, routed)           0.000     0.368    min_digit/digit[3]_i_1_n_0
    SLICE_X86Y93         FDCE                                         r  min_digit/digit_reg[3]/D
  -------------------------------------------------------------------    -------------------





--------------------------------------------------------------------------------------
Path Group:  (none)
From Clock:  
  To Clock:  clk_out1_ip_clock_div_top

Max Delay            53 Endpoints
Min Delay            53 Endpoints
--------------------------------------------------------------------------------------


Max Delay Paths
--------------------------------------------------------------------------------------
Slack:                    inf
  Source:                 reset
                            (input port)
  Destination:            ms_get_clk/clk_out_reg/PRE
                            (recovery check against rising-edge clock clk_out1_ip_clock_div_top  {rise@0.000ns fall@100.000ns period=200.000ns})
  Path Group:             (none)
  Path Type:              Recovery (Max at Slow Process Corner)
  Data Path Delay:        6.755ns  (logic 1.524ns (22.561%)  route 5.231ns (77.439%))
  Logic Levels:           1  (IBUF=1)
  Clock Path Skew:        -1.409ns (DCD - SCD + CPR)
    Destination Clock Delay (DCD):    -1.409ns
    Source Clock Delay      (SCD):    0.000ns
    Clock Pessimism Removal (CPR):    0.000ns
  Clock Uncertainty:      0.664ns  ((TSJ^2 + DJ^2)^1/2) / 2 + PE
    Total System Jitter     (TSJ):    0.050ns
    Discrete Jitter          (DJ):    0.631ns
    Phase Error              (PE):    0.347ns

    Location             Delay type                Incr(ns)  Path(ns)    Netlist Resource(s)
  -------------------------------------------------------------------    -------------------
    V10                                               0.000     0.000 f  reset
                         net (fo=0)                   0.000     0.000    reset
    V10                  IBUF (Prop_ibuf_I_O)         1.524     1.524 f  reset_IBUF_inst/O
                         net (fo=67, routed)          5.231     6.755    ms_get_clk/AS[0]
    SLICE_X87Y92         FDPE                                         f  ms_get_clk/clk_out_reg/PRE
  -------------------------------------------------------------------    -------------------

                         (clock clk_out1_ip_clock_div_top rise edge)
                                                      0.000     0.000 r  <hidden>
    E3                                                0.000     0.000 r  board_clk
                         net (fo=0)                   0.000     0.000    clk_5M/inst/clk_in1
    E3                   IBUF (Prop_ibuf_I_O)         1.411     1.411 r  clk_5M/inst/clkin1_ibufg/O
                         net (fo=1, routed)           1.162     2.573    clk_5M/inst/clk_in1_ip_clock_div_top
    MMCME2_ADV_X1Y2      MMCME2_ADV (Prop_mmcme2_adv_CLKIN1_CLKOUT0)
                                                     -7.324    -4.751 r  clk_5M/inst/mmcm_adv_inst/CLKOUT0
                         net (fo=1, routed)           1.639    -3.112    clk_5M/inst/clk_out1_ip_clock_div_top
    BUFGCTRL_X0Y16       BUFG (Prop_bufg_I_O)         0.091    -3.021 r  clk_5M/inst/clkout1_buf/O
                         net (fo=34, routed)          1.611    -1.409    ms_get_clk/clk_out1
    SLICE_X87Y92         FDPE                                         r  ms_get_clk/clk_out_reg/C

Slack:                    inf
  Source:                 reset
                            (input port)
  Destination:            ms_get_clk/clk_counter_reg[16]/CLR
                            (recovery check against rising-edge clock clk_out1_ip_clock_div_top  {rise@0.000ns fall@100.000ns period=200.000ns})
  Path Group:             (none)
  Path Type:              Recovery (Max at Slow Process Corner)
  Data Path Delay:        6.604ns  (logic 1.524ns (23.078%)  route 5.080ns (76.922%))
  Logic Levels:           1  (IBUF=1)
  Clock Path Skew:        -1.409ns (DCD - SCD + CPR)
    Destination Clock Delay (DCD):    -1.409ns
    Source Clock Delay      (SCD):    0.000ns
    Clock Pessimism Removal (CPR):    0.000ns
  Clock Uncertainty:      0.664ns  ((TSJ^2 + DJ^2)^1/2) / 2 + PE
    Total System Jitter     (TSJ):    0.050ns
    Discrete Jitter          (DJ):    0.631ns
    Phase Error              (PE):    0.347ns

    Location             Delay type                Incr(ns)  Path(ns)    Netlist Resource(s)
  -------------------------------------------------------------------    -------------------
    V10                                               0.000     0.000 f  reset
                         net (fo=0)                   0.000     0.000    reset
    V10                  IBUF (Prop_ibuf_I_O)         1.524     1.524 f  reset_IBUF_inst/O
                         net (fo=67, routed)          5.080     6.604    ms_get_clk/AS[0]
    SLICE_X86Y91         FDCE                                         f  ms_get_clk/clk_counter_reg[16]/CLR
  -------------------------------------------------------------------    -------------------

                         (clock clk_out1_ip_clock_div_top rise edge)
                                                      0.000     0.000 r  <hidden>
    E3                                                0.000     0.000 r  board_clk
                         net (fo=0)                   0.000     0.000    clk_5M/inst/clk_in1
    E3                   IBUF (Prop_ibuf_I_O)         1.411     1.411 r  clk_5M/inst/clkin1_ibufg/O
                         net (fo=1, routed)           1.162     2.573    clk_5M/inst/clk_in1_ip_clock_div_top
    MMCME2_ADV_X1Y2      MMCME2_ADV (Prop_mmcme2_adv_CLKIN1_CLKOUT0)
                                                     -7.324    -4.751 r  clk_5M/inst/mmcm_adv_inst/CLKOUT0
                         net (fo=1, routed)           1.639    -3.112    clk_5M/inst/clk_out1_ip_clock_div_top
    BUFGCTRL_X0Y16       BUFG (Prop_bufg_I_O)         0.091    -3.021 r  clk_5M/inst/clkout1_buf/O
                         net (fo=34, routed)          1.611    -1.409    ms_get_clk/clk_out1
    SLICE_X86Y91         FDCE                                         r  ms_get_clk/clk_counter_reg[16]/C

Slack:                    inf
  Source:                 reset
                            (input port)
  Destination:            ms_get_clk/clk_counter_reg[17]/CLR
                            (recovery check against rising-edge clock clk_out1_ip_clock_div_top  {rise@0.000ns fall@100.000ns period=200.000ns})
  Path Group:             (none)
  Path Type:              Recovery (Max at Slow Process Corner)
  Data Path Delay:        6.604ns  (logic 1.524ns (23.078%)  route 5.080ns (76.922%))
  Logic Levels:           1  (IBUF=1)
  Clock Path Skew:        -1.409ns (DCD - SCD + CPR)
    Destination Clock Delay (DCD):    -1.409ns
    Source Clock Delay      (SCD):    0.000ns
    Clock Pessimism Removal (CPR):    0.000ns
  Clock Uncertainty:      0.664ns  ((TSJ^2 + DJ^2)^1/2) / 2 + PE
    Total System Jitter     (TSJ):    0.050ns
    Discrete Jitter          (DJ):    0.631ns
    Phase Error              (PE):    0.347ns

    Location             Delay type                Incr(ns)  Path(ns)    Netlist Resource(s)
  -------------------------------------------------------------------    -------------------
    V10                                               0.000     0.000 f  reset
                         net (fo=0)                   0.000     0.000    reset
    V10                  IBUF (Prop_ibuf_I_O)         1.524     1.524 f  reset_IBUF_inst/O
                         net (fo=67, routed)          5.080     6.604    ms_get_clk/AS[0]
    SLICE_X86Y91         FDCE                                         f  ms_get_clk/clk_counter_reg[17]/CLR
  -------------------------------------------------------------------    -------------------

                         (clock clk_out1_ip_clock_div_top rise edge)
                                                      0.000     0.000 r  <hidden>
    E3                                                0.000     0.000 r  board_clk
                         net (fo=0)                   0.000     0.000    clk_5M/inst/clk_in1
    E3                   IBUF (Prop_ibuf_I_O)         1.411     1.411 r  clk_5M/inst/clkin1_ibufg/O
                         net (fo=1, routed)           1.162     2.573    clk_5M/inst/clk_in1_ip_clock_div_top
    MMCME2_ADV_X1Y2      MMCME2_ADV (Prop_mmcme2_adv_CLKIN1_CLKOUT0)
                                                     -7.324    -4.751 r  clk_5M/inst/mmcm_adv_inst/CLKOUT0
                         net (fo=1, routed)           1.639    -3.112    clk_5M/inst/clk_out1_ip_clock_div_top
    BUFGCTRL_X0Y16       BUFG (Prop_bufg_I_O)         0.091    -3.021 r  clk_5M/inst/clkout1_buf/O
                         net (fo=34, routed)          1.611    -1.409    ms_get_clk/clk_out1
    SLICE_X86Y91         FDCE                                         r  ms_get_clk/clk_counter_reg[17]/C

Slack:                    inf
  Source:                 reset
                            (input port)
  Destination:            display/clk_div_reg[12]/R
                            (rising edge-triggered cell FDRE clocked by clk_out1_ip_clock_div_top  {rise@0.000ns fall@100.000ns period=200.000ns})
  Path Group:             (none)
  Path Type:              Setup (Max at Slow Process Corner)
  Data Path Delay:        6.602ns  (logic 1.524ns (23.087%)  route 5.077ns (76.913%))
  Logic Levels:           1  (IBUF=1)
  Clock Path Skew:        -1.410ns (DCD - SCD + CPR)
    Destination Clock Delay (DCD):    -1.410ns
    Source Clock Delay      (SCD):    0.000ns
    Clock Pessimism Removal (CPR):    0.000ns
  Clock Uncertainty:      0.664ns  ((TSJ^2 + DJ^2)^1/2) / 2 + PE
    Total System Jitter     (TSJ):    0.050ns
    Discrete Jitter          (DJ):    0.631ns
    Phase Error              (PE):    0.347ns

    Location             Delay type                Incr(ns)  Path(ns)    Netlist Resource(s)
  -------------------------------------------------------------------    -------------------
    V10                                               0.000     0.000 r  reset
                         net (fo=0)                   0.000     0.000    reset
    V10                  IBUF (Prop_ibuf_I_O)         1.524     1.524 r  reset_IBUF_inst/O
                         net (fo=67, routed)          5.077     6.602    display/AS[0]
    SLICE_X89Y89         FDRE                                         r  display/clk_div_reg[12]/R
  -------------------------------------------------------------------    -------------------

                         (clock clk_out1_ip_clock_div_top rise edge)
                                                      0.000     0.000 r  <hidden>
    E3                                                0.000     0.000 r  board_clk
                         net (fo=0)                   0.000     0.000    clk_5M/inst/clk_in1
    E3                   IBUF (Prop_ibuf_I_O)         1.411     1.411 r  clk_5M/inst/clkin1_ibufg/O
                         net (fo=1, routed)           1.162     2.573    clk_5M/inst/clk_in1_ip_clock_div_top
    MMCME2_ADV_X1Y2      MMCME2_ADV (Prop_mmcme2_adv_CLKIN1_CLKOUT0)
                                                     -7.324    -4.751 r  clk_5M/inst/mmcm_adv_inst/CLKOUT0
                         net (fo=1, routed)           1.639    -3.112    clk_5M/inst/clk_out1_ip_clock_div_top
    BUFGCTRL_X0Y16       BUFG (Prop_bufg_I_O)         0.091    -3.021 r  clk_5M/inst/clkout1_buf/O
                         net (fo=34, routed)          1.610    -1.410    display/clk_out1
    SLICE_X89Y89         FDRE                                         r  display/clk_div_reg[12]/C

Slack:                    inf
  Source:                 reset
                            (input port)
  Destination:            display/clk_div_reg[13]/R
                            (rising edge-triggered cell FDRE clocked by clk_out1_ip_clock_div_top  {rise@0.000ns fall@100.000ns period=200.000ns})
  Path Group:             (none)
  Path Type:              Setup (Max at Slow Process Corner)
  Data Path Delay:        6.602ns  (logic 1.524ns (23.087%)  route 5.077ns (76.913%))
  Logic Levels:           1  (IBUF=1)
  Clock Path Skew:        -1.410ns (DCD - SCD + CPR)
    Destination Clock Delay (DCD):    -1.410ns
    Source Clock Delay      (SCD):    0.000ns
    Clock Pessimism Removal (CPR):    0.000ns
  Clock Uncertainty:      0.664ns  ((TSJ^2 + DJ^2)^1/2) / 2 + PE
    Total System Jitter     (TSJ):    0.050ns
    Discrete Jitter          (DJ):    0.631ns
    Phase Error              (PE):    0.347ns

    Location             Delay type                Incr(ns)  Path(ns)    Netlist Resource(s)
  -------------------------------------------------------------------    -------------------
    V10                                               0.000     0.000 r  reset
                         net (fo=0)                   0.000     0.000    reset
    V10                  IBUF (Prop_ibuf_I_O)         1.524     1.524 r  reset_IBUF_inst/O
                         net (fo=67, routed)          5.077     6.602    display/AS[0]
    SLICE_X89Y89         FDRE                                         r  display/clk_div_reg[13]/R
  -------------------------------------------------------------------    -------------------

                         (clock clk_out1_ip_clock_div_top rise edge)
                                                      0.000     0.000 r  <hidden>
    E3                                                0.000     0.000 r  board_clk
                         net (fo=0)                   0.000     0.000    clk_5M/inst/clk_in1
    E3                   IBUF (Prop_ibuf_I_O)         1.411     1.411 r  clk_5M/inst/clkin1_ibufg/O
                         net (fo=1, routed)           1.162     2.573    clk_5M/inst/clk_in1_ip_clock_div_top
    MMCME2_ADV_X1Y2      MMCME2_ADV (Prop_mmcme2_adv_CLKIN1_CLKOUT0)
                                                     -7.324    -4.751 r  clk_5M/inst/mmcm_adv_inst/CLKOUT0
                         net (fo=1, routed)           1.639    -3.112    clk_5M/inst/clk_out1_ip_clock_div_top
    BUFGCTRL_X0Y16       BUFG (Prop_bufg_I_O)         0.091    -3.021 r  clk_5M/inst/clkout1_buf/O
                         net (fo=34, routed)          1.610    -1.410    display/clk_out1
    SLICE_X89Y89         FDRE                                         r  display/clk_div_reg[13]/C

Slack:                    inf
  Source:                 reset
                            (input port)
  Destination:            display/clk_div_reg[14]/R
                            (rising edge-triggered cell FDRE clocked by clk_out1_ip_clock_div_top  {rise@0.000ns fall@100.000ns period=200.000ns})
  Path Group:             (none)
  Path Type:              Setup (Max at Slow Process Corner)
  Data Path Delay:        6.602ns  (logic 1.524ns (23.087%)  route 5.077ns (76.913%))
  Logic Levels:           1  (IBUF=1)
  Clock Path Skew:        -1.410ns (DCD - SCD + CPR)
    Destination Clock Delay (DCD):    -1.410ns
    Source Clock Delay      (SCD):    0.000ns
    Clock Pessimism Removal (CPR):    0.000ns
  Clock Uncertainty:      0.664ns  ((TSJ^2 + DJ^2)^1/2) / 2 + PE
    Total System Jitter     (TSJ):    0.050ns
    Discrete Jitter          (DJ):    0.631ns
    Phase Error              (PE):    0.347ns

    Location             Delay type                Incr(ns)  Path(ns)    Netlist Resource(s)
  -------------------------------------------------------------------    -------------------
    V10                                               0.000     0.000 r  reset
                         net (fo=0)                   0.000     0.000    reset
    V10                  IBUF (Prop_ibuf_I_O)         1.524     1.524 r  reset_IBUF_inst/O
                         net (fo=67, routed)          5.077     6.602    display/AS[0]
    SLICE_X89Y89         FDRE                                         r  display/clk_div_reg[14]/R
  -------------------------------------------------------------------    -------------------

                         (clock clk_out1_ip_clock_div_top rise edge)
                                                      0.000     0.000 r  <hidden>
    E3                                                0.000     0.000 r  board_clk
                         net (fo=0)                   0.000     0.000    clk_5M/inst/clk_in1
    E3                   IBUF (Prop_ibuf_I_O)         1.411     1.411 r  clk_5M/inst/clkin1_ibufg/O
                         net (fo=1, routed)           1.162     2.573    clk_5M/inst/clk_in1_ip_clock_div_top
    MMCME2_ADV_X1Y2      MMCME2_ADV (Prop_mmcme2_adv_CLKIN1_CLKOUT0)
                                                     -7.324    -4.751 r  clk_5M/inst/mmcm_adv_inst/CLKOUT0
                         net (fo=1, routed)           1.639    -3.112    clk_5M/inst/clk_out1_ip_clock_div_top
    BUFGCTRL_X0Y16       BUFG (Prop_bufg_I_O)         0.091    -3.021 r  clk_5M/inst/clkout1_buf/O
                         net (fo=34, routed)          1.610    -1.410    display/clk_out1
    SLICE_X89Y89         FDRE                                         r  display/clk_div_reg[14]/C

Slack:                    inf
  Source:                 reset
                            (input port)
  Destination:            display/clk_div_reg[10]/R
                            (rising edge-triggered cell FDRE clocked by clk_out1_ip_clock_div_top  {rise@0.000ns fall@100.000ns period=200.000ns})
  Path Group:             (none)
  Path Type:              Setup (Max at Slow Process Corner)
  Data Path Delay:        6.463ns  (logic 1.524ns (23.582%)  route 4.939ns (76.418%))
  Logic Levels:           1  (IBUF=1)
  Clock Path Skew:        -1.411ns (DCD - SCD + CPR)
    Destination Clock Delay (DCD):    -1.411ns
    Source Clock Delay      (SCD):    0.000ns
    Clock Pessimism Removal (CPR):    0.000ns
  Clock Uncertainty:      0.664ns  ((TSJ^2 + DJ^2)^1/2) / 2 + PE
    Total System Jitter     (TSJ):    0.050ns
    Discrete Jitter          (DJ):    0.631ns
    Phase Error              (PE):    0.347ns

    Location             Delay type                Incr(ns)  Path(ns)    Netlist Resource(s)
  -------------------------------------------------------------------    -------------------
    V10                                               0.000     0.000 r  reset
                         net (fo=0)                   0.000     0.000    reset
    V10                  IBUF (Prop_ibuf_I_O)         1.524     1.524 r  reset_IBUF_inst/O
                         net (fo=67, routed)          4.939     6.463    display/AS[0]
    SLICE_X89Y88         FDRE                                         r  display/clk_div_reg[10]/R
  -------------------------------------------------------------------    -------------------

                         (clock clk_out1_ip_clock_div_top rise edge)
                                                      0.000     0.000 r  <hidden>
    E3                                                0.000     0.000 r  board_clk
                         net (fo=0)                   0.000     0.000    clk_5M/inst/clk_in1
    E3                   IBUF (Prop_ibuf_I_O)         1.411     1.411 r  clk_5M/inst/clkin1_ibufg/O
                         net (fo=1, routed)           1.162     2.573    clk_5M/inst/clk_in1_ip_clock_div_top
    MMCME2_ADV_X1Y2      MMCME2_ADV (Prop_mmcme2_adv_CLKIN1_CLKOUT0)
                                                     -7.324    -4.751 r  clk_5M/inst/mmcm_adv_inst/CLKOUT0
                         net (fo=1, routed)           1.639    -3.112    clk_5M/inst/clk_out1_ip_clock_div_top
    BUFGCTRL_X0Y16       BUFG (Prop_bufg_I_O)         0.091    -3.021 r  clk_5M/inst/clkout1_buf/O
                         net (fo=34, routed)          1.609    -1.411    display/clk_out1
    SLICE_X89Y88         FDRE                                         r  display/clk_div_reg[10]/C

Slack:                    inf
  Source:                 reset
                            (input port)
  Destination:            display/clk_div_reg[11]/R
                            (rising edge-triggered cell FDRE clocked by clk_out1_ip_clock_div_top  {rise@0.000ns fall@100.000ns period=200.000ns})
  Path Group:             (none)
  Path Type:              Setup (Max at Slow Process Corner)
  Data Path Delay:        6.463ns  (logic 1.524ns (23.582%)  route 4.939ns (76.418%))
  Logic Levels:           1  (IBUF=1)
  Clock Path Skew:        -1.411ns (DCD - SCD + CPR)
    Destination Clock Delay (DCD):    -1.411ns
    Source Clock Delay      (SCD):    0.000ns
    Clock Pessimism Removal (CPR):    0.000ns
  Clock Uncertainty:      0.664ns  ((TSJ^2 + DJ^2)^1/2) / 2 + PE
    Total System Jitter     (TSJ):    0.050ns
    Discrete Jitter          (DJ):    0.631ns
    Phase Error              (PE):    0.347ns

    Location             Delay type                Incr(ns)  Path(ns)    Netlist Resource(s)
  -------------------------------------------------------------------    -------------------
    V10                                               0.000     0.000 r  reset
                         net (fo=0)                   0.000     0.000    reset
    V10                  IBUF (Prop_ibuf_I_O)         1.524     1.524 r  reset_IBUF_inst/O
                         net (fo=67, routed)          4.939     6.463    display/AS[0]
    SLICE_X89Y88         FDRE                                         r  display/clk_div_reg[11]/R
  -------------------------------------------------------------------    -------------------

                         (clock clk_out1_ip_clock_div_top rise edge)
                                                      0.000     0.000 r  <hidden>
    E3                                                0.000     0.000 r  board_clk
                         net (fo=0)                   0.000     0.000    clk_5M/inst/clk_in1
    E3                   IBUF (Prop_ibuf_I_O)         1.411     1.411 r  clk_5M/inst/clkin1_ibufg/O
                         net (fo=1, routed)           1.162     2.573    clk_5M/inst/clk_in1_ip_clock_div_top
    MMCME2_ADV_X1Y2      MMCME2_ADV (Prop_mmcme2_adv_CLKIN1_CLKOUT0)
                                                     -7.324    -4.751 r  clk_5M/inst/mmcm_adv_inst/CLKOUT0
                         net (fo=1, routed)           1.639    -3.112    clk_5M/inst/clk_out1_ip_clock_div_top
    BUFGCTRL_X0Y16       BUFG (Prop_bufg_I_O)         0.091    -3.021 r  clk_5M/inst/clkout1_buf/O
                         net (fo=34, routed)          1.609    -1.411    display/clk_out1
    SLICE_X89Y88         FDRE                                         r  display/clk_div_reg[11]/C

Slack:                    inf
  Source:                 reset
                            (input port)
  Destination:            display/clk_div_reg[8]/R
                            (rising edge-triggered cell FDRE clocked by clk_out1_ip_clock_div_top  {rise@0.000ns fall@100.000ns period=200.000ns})
  Path Group:             (none)
  Path Type:              Setup (Max at Slow Process Corner)
  Data Path Delay:        6.463ns  (logic 1.524ns (23.582%)  route 4.939ns (76.418%))
  Logic Levels:           1  (IBUF=1)
  Clock Path Skew:        -1.411ns (DCD - SCD + CPR)
    Destination Clock Delay (DCD):    -1.411ns
    Source Clock Delay      (SCD):    0.000ns
    Clock Pessimism Removal (CPR):    0.000ns
  Clock Uncertainty:      0.664ns  ((TSJ^2 + DJ^2)^1/2) / 2 + PE
    Total System Jitter     (TSJ):    0.050ns
    Discrete Jitter          (DJ):    0.631ns
    Phase Error              (PE):    0.347ns

    Location             Delay type                Incr(ns)  Path(ns)    Netlist Resource(s)
  -------------------------------------------------------------------    -------------------
    V10                                               0.000     0.000 r  reset
                         net (fo=0)                   0.000     0.000    reset
    V10                  IBUF (Prop_ibuf_I_O)         1.524     1.524 r  reset_IBUF_inst/O
                         net (fo=67, routed)          4.939     6.463    display/AS[0]
    SLICE_X89Y88         FDRE                                         r  display/clk_div_reg[8]/R
  -------------------------------------------------------------------    -------------------

                         (clock clk_out1_ip_clock_div_top rise edge)
                                                      0.000     0.000 r  <hidden>
    E3                                                0.000     0.000 r  board_clk
                         net (fo=0)                   0.000     0.000    clk_5M/inst/clk_in1
    E3                   IBUF (Prop_ibuf_I_O)         1.411     1.411 r  clk_5M/inst/clkin1_ibufg/O
                         net (fo=1, routed)           1.162     2.573    clk_5M/inst/clk_in1_ip_clock_div_top
    MMCME2_ADV_X1Y2      MMCME2_ADV (Prop_mmcme2_adv_CLKIN1_CLKOUT0)
                                                     -7.324    -4.751 r  clk_5M/inst/mmcm_adv_inst/CLKOUT0
                         net (fo=1, routed)           1.639    -3.112    clk_5M/inst/clk_out1_ip_clock_div_top
    BUFGCTRL_X0Y16       BUFG (Prop_bufg_I_O)         0.091    -3.021 r  clk_5M/inst/clkout1_buf/O
                         net (fo=34, routed)          1.609    -1.411    display/clk_out1
    SLICE_X89Y88         FDRE                                         r  display/clk_div_reg[8]/C

Slack:                    inf
  Source:                 reset
                            (input port)
  Destination:            display/clk_div_reg[9]/R
                            (rising edge-triggered cell FDRE clocked by clk_out1_ip_clock_div_top  {rise@0.000ns fall@100.000ns period=200.000ns})
  Path Group:             (none)
  Path Type:              Setup (Max at Slow Process Corner)
  Data Path Delay:        6.463ns  (logic 1.524ns (23.582%)  route 4.939ns (76.418%))
  Logic Levels:           1  (IBUF=1)
  Clock Path Skew:        -1.411ns (DCD - SCD + CPR)
    Destination Clock Delay (DCD):    -1.411ns
    Source Clock Delay      (SCD):    0.000ns
    Clock Pessimism Removal (CPR):    0.000ns
  Clock Uncertainty:      0.664ns  ((TSJ^2 + DJ^2)^1/2) / 2 + PE
    Total System Jitter     (TSJ):    0.050ns
    Discrete Jitter          (DJ):    0.631ns
    Phase Error              (PE):    0.347ns

    Location             Delay type                Incr(ns)  Path(ns)    Netlist Resource(s)
  -------------------------------------------------------------------    -------------------
    V10                                               0.000     0.000 r  reset
                         net (fo=0)                   0.000     0.000    reset
    V10                  IBUF (Prop_ibuf_I_O)         1.524     1.524 r  reset_IBUF_inst/O
                         net (fo=67, routed)          4.939     6.463    display/AS[0]
    SLICE_X89Y88         FDRE                                         r  display/clk_div_reg[9]/R
  -------------------------------------------------------------------    -------------------

                         (clock clk_out1_ip_clock_div_top rise edge)
                                                      0.000     0.000 r  <hidden>
    E3                                                0.000     0.000 r  board_clk
                         net (fo=0)                   0.000     0.000    clk_5M/inst/clk_in1
    E3                   IBUF (Prop_ibuf_I_O)         1.411     1.411 r  clk_5M/inst/clkin1_ibufg/O
                         net (fo=1, routed)           1.162     2.573    clk_5M/inst/clk_in1_ip_clock_div_top
    MMCME2_ADV_X1Y2      MMCME2_ADV (Prop_mmcme2_adv_CLKIN1_CLKOUT0)
                                                     -7.324    -4.751 r  clk_5M/inst/mmcm_adv_inst/CLKOUT0
                         net (fo=1, routed)           1.639    -3.112    clk_5M/inst/clk_out1_ip_clock_div_top
    BUFGCTRL_X0Y16       BUFG (Prop_bufg_I_O)         0.091    -3.021 r  clk_5M/inst/clkout1_buf/O
                         net (fo=34, routed)          1.609    -1.411    display/clk_out1
    SLICE_X89Y88         FDRE                                         r  display/clk_div_reg[9]/C





Min Delay Paths
--------------------------------------------------------------------------------------
Slack:                    inf
  Source:                 on_switch
                            (input port)
  Destination:            ms_get_clk/clk_out_reg/D
                            (rising edge-triggered cell FDPE clocked by clk_out1_ip_clock_div_top  {rise@0.000ns fall@100.000ns period=200.000ns})
  Path Group:             (none)
  Path Type:              Hold (Min at Fast Process Corner)
  Data Path Delay:        1.264ns  (logic 0.326ns (25.794%)  route 0.938ns (74.206%))
  Logic Levels:           2  (IBUF=1 LUT3=1)
  Clock Path Skew:        -0.795ns (DCD - SCD - CPR)
    Destination Clock Delay (DCD):    -0.795ns
    Source Clock Delay      (SCD):    0.000ns
    Clock Pessimism Removal (CPR):    -0.000ns

    Location             Delay type                Incr(ns)  Path(ns)    Netlist Resource(s)
  -------------------------------------------------------------------    -------------------
    U9                                                0.000     0.000 r  on_switch
                         net (fo=0)                   0.000     0.000    on_switch
    U9                   IBUF (Prop_ibuf_I_O)         0.281     0.281 r  on_switch_IBUF_inst/O
                         net (fo=13, routed)          0.938     1.219    ms_get_clk/on_switch_IBUF
    SLICE_X87Y92         LUT3 (Prop_lut3_I0_O)        0.045     1.264 r  ms_get_clk/clk_out_i_1__2/O
                         net (fo=1, routed)           0.000     1.264    ms_get_clk/clk_out_i_1__2_n_0
    SLICE_X87Y92         FDPE                                         r  ms_get_clk/clk_out_reg/D
  -------------------------------------------------------------------    -------------------

                         (clock clk_out1_ip_clock_div_top rise edge)
                                                      0.000     0.000 r  <hidden>
    E3                                                0.000     0.000 r  board_clk
                         net (fo=0)                   0.000     0.000    clk_5M/inst/clk_in1
    E3                   IBUF (Prop_ibuf_I_O)         0.438     0.438 r  clk_5M/inst/clkin1_ibufg/O
                         net (fo=1, routed)           0.480     0.918    clk_5M/inst/clk_in1_ip_clock_div_top
    MMCME2_ADV_X1Y2      MMCME2_ADV (Prop_mmcme2_adv_CLKIN1_CLKOUT0)
                                                     -3.163    -2.245 r  clk_5M/inst/mmcm_adv_inst/CLKOUT0
                         net (fo=1, routed)           0.544    -1.702    clk_5M/inst/clk_out1_ip_clock_div_top
    BUFGCTRL_X0Y16       BUFG (Prop_bufg_I_O)         0.029    -1.673 r  clk_5M/inst/clkout1_buf/O
                         net (fo=34, routed)          0.878    -0.795    ms_get_clk/clk_out1
    SLICE_X87Y92         FDPE                                         r  ms_get_clk/clk_out_reg/C

Slack:                    inf
  Source:                 on_switch
                            (input port)
  Destination:            ms_get_clk/clk_counter_reg[12]/CE
                            (rising edge-triggered cell FDCE clocked by clk_out1_ip_clock_div_top  {rise@0.000ns fall@100.000ns period=200.000ns})
  Path Group:             (none)
  Path Type:              Hold (Min at Fast Process Corner)
  Data Path Delay:        1.326ns  (logic 0.326ns (24.584%)  route 1.000ns (75.416%))
  Logic Levels:           2  (IBUF=1 LUT1=1)
  Clock Path Skew:        -0.795ns (DCD - SCD - CPR)
    Destination Clock Delay (DCD):    -0.795ns
    Source Clock Delay      (SCD):    0.000ns
    Clock Pessimism Removal (CPR):    -0.000ns

    Location             Delay type                Incr(ns)  Path(ns)    Netlist Resource(s)
  -------------------------------------------------------------------    -------------------
    U9                                                0.000     0.000 f  on_switch
                         net (fo=0)                   0.000     0.000    on_switch
    U9                   IBUF (Prop_ibuf_I_O)         0.281     0.281 f  on_switch_IBUF_inst/O
                         net (fo=13, routed)          0.858     1.139    ms_get_clk/on_switch_IBUF
    SLICE_X87Y91         LUT1 (Prop_lut1_I0_O)        0.045     1.184 r  ms_get_clk/clk_counter[0]_i_1/O
                         net (fo=18, routed)          0.142     1.326    ms_get_clk/clk_counter[0]_i_1_n_0
    SLICE_X86Y90         FDCE                                         r  ms_get_clk/clk_counter_reg[12]/CE
  -------------------------------------------------------------------    -------------------

                         (clock clk_out1_ip_clock_div_top rise edge)
                                                      0.000     0.000 r  <hidden>
    E3                                                0.000     0.000 r  board_clk
                         net (fo=0)                   0.000     0.000    clk_5M/inst/clk_in1
    E3                   IBUF (Prop_ibuf_I_O)         0.438     0.438 r  clk_5M/inst/clkin1_ibufg/O
                         net (fo=1, routed)           0.480     0.918    clk_5M/inst/clk_in1_ip_clock_div_top
    MMCME2_ADV_X1Y2      MMCME2_ADV (Prop_mmcme2_adv_CLKIN1_CLKOUT0)
                                                     -3.163    -2.245 r  clk_5M/inst/mmcm_adv_inst/CLKOUT0
                         net (fo=1, routed)           0.544    -1.702    clk_5M/inst/clk_out1_ip_clock_div_top
    BUFGCTRL_X0Y16       BUFG (Prop_bufg_I_O)         0.029    -1.673 r  clk_5M/inst/clkout1_buf/O
                         net (fo=34, routed)          0.878    -0.795    ms_get_clk/clk_out1
    SLICE_X86Y90         FDCE                                         r  ms_get_clk/clk_counter_reg[12]/C

Slack:                    inf
  Source:                 on_switch
                            (input port)
  Destination:            ms_get_clk/clk_counter_reg[13]/CE
                            (rising edge-triggered cell FDCE clocked by clk_out1_ip_clock_div_top  {rise@0.000ns fall@100.000ns period=200.000ns})
  Path Group:             (none)
  Path Type:              Hold (Min at Fast Process Corner)
  Data Path Delay:        1.326ns  (logic 0.326ns (24.584%)  route 1.000ns (75.416%))
  Logic Levels:           2  (IBUF=1 LUT1=1)
  Clock Path Skew:        -0.795ns (DCD - SCD - CPR)
    Destination Clock Delay (DCD):    -0.795ns
    Source Clock Delay      (SCD):    0.000ns
    Clock Pessimism Removal (CPR):    -0.000ns

    Location             Delay type                Incr(ns)  Path(ns)    Netlist Resource(s)
  -------------------------------------------------------------------    -------------------
    U9                                                0.000     0.000 f  on_switch
                         net (fo=0)                   0.000     0.000    on_switch
    U9                   IBUF (Prop_ibuf_I_O)         0.281     0.281 f  on_switch_IBUF_inst/O
                         net (fo=13, routed)          0.858     1.139    ms_get_clk/on_switch_IBUF
    SLICE_X87Y91         LUT1 (Prop_lut1_I0_O)        0.045     1.184 r  ms_get_clk/clk_counter[0]_i_1/O
                         net (fo=18, routed)          0.142     1.326    ms_get_clk/clk_counter[0]_i_1_n_0
    SLICE_X86Y90         FDCE                                         r  ms_get_clk/clk_counter_reg[13]/CE
  -------------------------------------------------------------------    -------------------

                         (clock clk_out1_ip_clock_div_top rise edge)
                                                      0.000     0.000 r  <hidden>
    E3                                                0.000     0.000 r  board_clk
                         net (fo=0)                   0.000     0.000    clk_5M/inst/clk_in1
    E3                   IBUF (Prop_ibuf_I_O)         0.438     0.438 r  clk_5M/inst/clkin1_ibufg/O
                         net (fo=1, routed)           0.480     0.918    clk_5M/inst/clk_in1_ip_clock_div_top
    MMCME2_ADV_X1Y2      MMCME2_ADV (Prop_mmcme2_adv_CLKIN1_CLKOUT0)
                                                     -3.163    -2.245 r  clk_5M/inst/mmcm_adv_inst/CLKOUT0
                         net (fo=1, routed)           0.544    -1.702    clk_5M/inst/clk_out1_ip_clock_div_top
    BUFGCTRL_X0Y16       BUFG (Prop_bufg_I_O)         0.029    -1.673 r  clk_5M/inst/clkout1_buf/O
                         net (fo=34, routed)          0.878    -0.795    ms_get_clk/clk_out1
    SLICE_X86Y90         FDCE                                         r  ms_get_clk/clk_counter_reg[13]/C

Slack:                    inf
  Source:                 on_switch
                            (input port)
  Destination:            ms_get_clk/clk_counter_reg[14]/CE
                            (rising edge-triggered cell FDCE clocked by clk_out1_ip_clock_div_top  {rise@0.000ns fall@100.000ns period=200.000ns})
  Path Group:             (none)
  Path Type:              Hold (Min at Fast Process Corner)
  Data Path Delay:        1.326ns  (logic 0.326ns (24.584%)  route 1.000ns (75.416%))
  Logic Levels:           2  (IBUF=1 LUT1=1)
  Clock Path Skew:        -0.795ns (DCD - SCD - CPR)
    Destination Clock Delay (DCD):    -0.795ns
    Source Clock Delay      (SCD):    0.000ns
    Clock Pessimism Removal (CPR):    -0.000ns

    Location             Delay type                Incr(ns)  Path(ns)    Netlist Resource(s)
  -------------------------------------------------------------------    -------------------
    U9                                                0.000     0.000 f  on_switch
                         net (fo=0)                   0.000     0.000    on_switch
    U9                   IBUF (Prop_ibuf_I_O)         0.281     0.281 f  on_switch_IBUF_inst/O
                         net (fo=13, routed)          0.858     1.139    ms_get_clk/on_switch_IBUF
    SLICE_X87Y91         LUT1 (Prop_lut1_I0_O)        0.045     1.184 r  ms_get_clk/clk_counter[0]_i_1/O
                         net (fo=18, routed)          0.142     1.326    ms_get_clk/clk_counter[0]_i_1_n_0
    SLICE_X86Y90         FDCE                                         r  ms_get_clk/clk_counter_reg[14]/CE
  -------------------------------------------------------------------    -------------------

                         (clock clk_out1_ip_clock_div_top rise edge)
                                                      0.000     0.000 r  <hidden>
    E3                                                0.000     0.000 r  board_clk
                         net (fo=0)                   0.000     0.000    clk_5M/inst/clk_in1
    E3                   IBUF (Prop_ibuf_I_O)         0.438     0.438 r  clk_5M/inst/clkin1_ibufg/O
                         net (fo=1, routed)           0.480     0.918    clk_5M/inst/clk_in1_ip_clock_div_top
    MMCME2_ADV_X1Y2      MMCME2_ADV (Prop_mmcme2_adv_CLKIN1_CLKOUT0)
                                                     -3.163    -2.245 r  clk_5M/inst/mmcm_adv_inst/CLKOUT0
                         net (fo=1, routed)           0.544    -1.702    clk_5M/inst/clk_out1_ip_clock_div_top
    BUFGCTRL_X0Y16       BUFG (Prop_bufg_I_O)         0.029    -1.673 r  clk_5M/inst/clkout1_buf/O
                         net (fo=34, routed)          0.878    -0.795    ms_get_clk/clk_out1
    SLICE_X86Y90         FDCE                                         r  ms_get_clk/clk_counter_reg[14]/C

Slack:                    inf
  Source:                 on_switch
                            (input port)
  Destination:            ms_get_clk/clk_counter_reg[15]/CE
                            (rising edge-triggered cell FDCE clocked by clk_out1_ip_clock_div_top  {rise@0.000ns fall@100.000ns period=200.000ns})
  Path Group:             (none)
  Path Type:              Hold (Min at Fast Process Corner)
  Data Path Delay:        1.326ns  (logic 0.326ns (24.584%)  route 1.000ns (75.416%))
  Logic Levels:           2  (IBUF=1 LUT1=1)
  Clock Path Skew:        -0.795ns (DCD - SCD - CPR)
    Destination Clock Delay (DCD):    -0.795ns
    Source Clock Delay      (SCD):    0.000ns
    Clock Pessimism Removal (CPR):    -0.000ns

    Location             Delay type                Incr(ns)  Path(ns)    Netlist Resource(s)
  -------------------------------------------------------------------    -------------------
    U9                                                0.000     0.000 f  on_switch
                         net (fo=0)                   0.000     0.000    on_switch
    U9                   IBUF (Prop_ibuf_I_O)         0.281     0.281 f  on_switch_IBUF_inst/O
                         net (fo=13, routed)          0.858     1.139    ms_get_clk/on_switch_IBUF
    SLICE_X87Y91         LUT1 (Prop_lut1_I0_O)        0.045     1.184 r  ms_get_clk/clk_counter[0]_i_1/O
                         net (fo=18, routed)          0.142     1.326    ms_get_clk/clk_counter[0]_i_1_n_0
    SLICE_X86Y90         FDCE                                         r  ms_get_clk/clk_counter_reg[15]/CE
  -------------------------------------------------------------------    -------------------

                         (clock clk_out1_ip_clock_div_top rise edge)
                                                      0.000     0.000 r  <hidden>
    E3                                                0.000     0.000 r  board_clk
                         net (fo=0)                   0.000     0.000    clk_5M/inst/clk_in1
    E3                   IBUF (Prop_ibuf_I_O)         0.438     0.438 r  clk_5M/inst/clkin1_ibufg/O
                         net (fo=1, routed)           0.480     0.918    clk_5M/inst/clk_in1_ip_clock_div_top
    MMCME2_ADV_X1Y2      MMCME2_ADV (Prop_mmcme2_adv_CLKIN1_CLKOUT0)
                                                     -3.163    -2.245 r  clk_5M/inst/mmcm_adv_inst/CLKOUT0
                         net (fo=1, routed)           0.544    -1.702    clk_5M/inst/clk_out1_ip_clock_div_top
    BUFGCTRL_X0Y16       BUFG (Prop_bufg_I_O)         0.029    -1.673 r  clk_5M/inst/clkout1_buf/O
                         net (fo=34, routed)          0.878    -0.795    ms_get_clk/clk_out1
    SLICE_X86Y90         FDCE                                         r  ms_get_clk/clk_counter_reg[15]/C

Slack:                    inf
  Source:                 on_switch
                            (input port)
  Destination:            ms_get_clk/clk_counter_reg[16]/CE
                            (rising edge-triggered cell FDCE clocked by clk_out1_ip_clock_div_top  {rise@0.000ns fall@100.000ns period=200.000ns})
  Path Group:             (none)
  Path Type:              Hold (Min at Fast Process Corner)
  Data Path Delay:        1.364ns  (logic 0.326ns (23.891%)  route 1.038ns (76.109%))
  Logic Levels:           2  (IBUF=1 LUT1=1)
  Clock Path Skew:        -0.795ns (DCD - SCD - CPR)
    Destination Clock Delay (DCD):    -0.795ns
    Source Clock Delay      (SCD):    0.000ns
    Clock Pessimism Removal (CPR):    -0.000ns

    Location             Delay type                Incr(ns)  Path(ns)    Netlist Resource(s)
  -------------------------------------------------------------------    -------------------
    U9                                                0.000     0.000 f  on_switch
                         net (fo=0)                   0.000     0.000    on_switch
    U9                   IBUF (Prop_ibuf_I_O)         0.281     0.281 f  on_switch_IBUF_inst/O
                         net (fo=13, routed)          0.858     1.139    ms_get_clk/on_switch_IBUF
    SLICE_X87Y91         LUT1 (Prop_lut1_I0_O)        0.045     1.184 r  ms_get_clk/clk_counter[0]_i_1/O
                         net (fo=18, routed)          0.181     1.364    ms_get_clk/clk_counter[0]_i_1_n_0
    SLICE_X86Y91         FDCE                                         r  ms_get_clk/clk_counter_reg[16]/CE
  -------------------------------------------------------------------    -------------------

                         (clock clk_out1_ip_clock_div_top rise edge)
                                                      0.000     0.000 r  <hidden>
    E3                                                0.000     0.000 r  board_clk
                         net (fo=0)                   0.000     0.000    clk_5M/inst/clk_in1
    E3                   IBUF (Prop_ibuf_I_O)         0.438     0.438 r  clk_5M/inst/clkin1_ibufg/O
                         net (fo=1, routed)           0.480     0.918    clk_5M/inst/clk_in1_ip_clock_div_top
    MMCME2_ADV_X1Y2      MMCME2_ADV (Prop_mmcme2_adv_CLKIN1_CLKOUT0)
                                                     -3.163    -2.245 r  clk_5M/inst/mmcm_adv_inst/CLKOUT0
                         net (fo=1, routed)           0.544    -1.702    clk_5M/inst/clk_out1_ip_clock_div_top
    BUFGCTRL_X0Y16       BUFG (Prop_bufg_I_O)         0.029    -1.673 r  clk_5M/inst/clkout1_buf/O
                         net (fo=34, routed)          0.878    -0.795    ms_get_clk/clk_out1
    SLICE_X86Y91         FDCE                                         r  ms_get_clk/clk_counter_reg[16]/C

Slack:                    inf
  Source:                 on_switch
                            (input port)
  Destination:            ms_get_clk/clk_counter_reg[17]/CE
                            (rising edge-triggered cell FDCE clocked by clk_out1_ip_clock_div_top  {rise@0.000ns fall@100.000ns period=200.000ns})
  Path Group:             (none)
  Path Type:              Hold (Min at Fast Process Corner)
  Data Path Delay:        1.364ns  (logic 0.326ns (23.891%)  route 1.038ns (76.109%))
  Logic Levels:           2  (IBUF=1 LUT1=1)
  Clock Path Skew:        -0.795ns (DCD - SCD - CPR)
    Destination Clock Delay (DCD):    -0.795ns
    Source Clock Delay      (SCD):    0.000ns
    Clock Pessimism Removal (CPR):    -0.000ns

    Location             Delay type                Incr(ns)  Path(ns)    Netlist Resource(s)
  -------------------------------------------------------------------    -------------------
    U9                                                0.000     0.000 f  on_switch
                         net (fo=0)                   0.000     0.000    on_switch
    U9                   IBUF (Prop_ibuf_I_O)         0.281     0.281 f  on_switch_IBUF_inst/O
                         net (fo=13, routed)          0.858     1.139    ms_get_clk/on_switch_IBUF
    SLICE_X87Y91         LUT1 (Prop_lut1_I0_O)        0.045     1.184 r  ms_get_clk/clk_counter[0]_i_1/O
                         net (fo=18, routed)          0.181     1.364    ms_get_clk/clk_counter[0]_i_1_n_0
    SLICE_X86Y91         FDCE                                         r  ms_get_clk/clk_counter_reg[17]/CE
  -------------------------------------------------------------------    -------------------

                         (clock clk_out1_ip_clock_div_top rise edge)
                                                      0.000     0.000 r  <hidden>
    E3                                                0.000     0.000 r  board_clk
                         net (fo=0)                   0.000     0.000    clk_5M/inst/clk_in1
    E3                   IBUF (Prop_ibuf_I_O)         0.438     0.438 r  clk_5M/inst/clkin1_ibufg/O
                         net (fo=1, routed)           0.480     0.918    clk_5M/inst/clk_in1_ip_clock_div_top
    MMCME2_ADV_X1Y2      MMCME2_ADV (Prop_mmcme2_adv_CLKIN1_CLKOUT0)
                                                     -3.163    -2.245 r  clk_5M/inst/mmcm_adv_inst/CLKOUT0
                         net (fo=1, routed)           0.544    -1.702    clk_5M/inst/clk_out1_ip_clock_div_top
    BUFGCTRL_X0Y16       BUFG (Prop_bufg_I_O)         0.029    -1.673 r  clk_5M/inst/clkout1_buf/O
                         net (fo=34, routed)          0.878    -0.795    ms_get_clk/clk_out1
    SLICE_X86Y91         FDCE                                         r  ms_get_clk/clk_counter_reg[17]/C

Slack:                    inf
  Source:                 on_switch
                            (input port)
  Destination:            ms_get_clk/clk_counter_reg[4]/CE
                            (rising edge-triggered cell FDCE clocked by clk_out1_ip_clock_div_top  {rise@0.000ns fall@100.000ns period=200.000ns})
  Path Group:             (none)
  Path Type:              Hold (Min at Fast Process Corner)
  Data Path Delay:        1.395ns  (logic 0.326ns (23.366%)  route 1.069ns (76.634%))
  Logic Levels:           2  (IBUF=1 LUT1=1)
  Clock Path Skew:        -0.796ns (DCD - SCD - CPR)
    Destination Clock Delay (DCD):    -0.796ns
    Source Clock Delay      (SCD):    0.000ns
    Clock Pessimism Removal (CPR):    -0.000ns

    Location             Delay type                Incr(ns)  Path(ns)    Netlist Resource(s)
  -------------------------------------------------------------------    -------------------
    U9                                                0.000     0.000 f  on_switch
                         net (fo=0)                   0.000     0.000    on_switch
    U9                   IBUF (Prop_ibuf_I_O)         0.281     0.281 f  on_switch_IBUF_inst/O
                         net (fo=13, routed)          0.858     1.139    ms_get_clk/on_switch_IBUF
    SLICE_X87Y91         LUT1 (Prop_lut1_I0_O)        0.045     1.184 r  ms_get_clk/clk_counter[0]_i_1/O
                         net (fo=18, routed)          0.211     1.395    ms_get_clk/clk_counter[0]_i_1_n_0
    SLICE_X86Y88         FDCE                                         r  ms_get_clk/clk_counter_reg[4]/CE
  -------------------------------------------------------------------    -------------------

                         (clock clk_out1_ip_clock_div_top rise edge)
                                                      0.000     0.000 r  <hidden>
    E3                                                0.000     0.000 r  board_clk
                         net (fo=0)                   0.000     0.000    clk_5M/inst/clk_in1
    E3                   IBUF (Prop_ibuf_I_O)         0.438     0.438 r  clk_5M/inst/clkin1_ibufg/O
                         net (fo=1, routed)           0.480     0.918    clk_5M/inst/clk_in1_ip_clock_div_top
    MMCME2_ADV_X1Y2      MMCME2_ADV (Prop_mmcme2_adv_CLKIN1_CLKOUT0)
                                                     -3.163    -2.245 r  clk_5M/inst/mmcm_adv_inst/CLKOUT0
                         net (fo=1, routed)           0.544    -1.702    clk_5M/inst/clk_out1_ip_clock_div_top
    BUFGCTRL_X0Y16       BUFG (Prop_bufg_I_O)         0.029    -1.673 r  clk_5M/inst/clkout1_buf/O
                         net (fo=34, routed)          0.877    -0.796    ms_get_clk/clk_out1
    SLICE_X86Y88         FDCE                                         r  ms_get_clk/clk_counter_reg[4]/C

Slack:                    inf
  Source:                 on_switch
                            (input port)
  Destination:            ms_get_clk/clk_counter_reg[5]/CE
                            (rising edge-triggered cell FDCE clocked by clk_out1_ip_clock_div_top  {rise@0.000ns fall@100.000ns period=200.000ns})
  Path Group:             (none)
  Path Type:              Hold (Min at Fast Process Corner)
  Data Path Delay:        1.395ns  (logic 0.326ns (23.366%)  route 1.069ns (76.634%))
  Logic Levels:           2  (IBUF=1 LUT1=1)
  Clock Path Skew:        -0.796ns (DCD - SCD - CPR)
    Destination Clock Delay (DCD):    -0.796ns
    Source Clock Delay      (SCD):    0.000ns
    Clock Pessimism Removal (CPR):    -0.000ns

    Location             Delay type                Incr(ns)  Path(ns)    Netlist Resource(s)
  -------------------------------------------------------------------    -------------------
    U9                                                0.000     0.000 f  on_switch
                         net (fo=0)                   0.000     0.000    on_switch
    U9                   IBUF (Prop_ibuf_I_O)         0.281     0.281 f  on_switch_IBUF_inst/O
                         net (fo=13, routed)          0.858     1.139    ms_get_clk/on_switch_IBUF
    SLICE_X87Y91         LUT1 (Prop_lut1_I0_O)        0.045     1.184 r  ms_get_clk/clk_counter[0]_i_1/O
                         net (fo=18, routed)          0.211     1.395    ms_get_clk/clk_counter[0]_i_1_n_0
    SLICE_X86Y88         FDCE                                         r  ms_get_clk/clk_counter_reg[5]/CE
  -------------------------------------------------------------------    -------------------

                         (clock clk_out1_ip_clock_div_top rise edge)
                                                      0.000     0.000 r  <hidden>
    E3                                                0.000     0.000 r  board_clk
                         net (fo=0)                   0.000     0.000    clk_5M/inst/clk_in1
    E3                   IBUF (Prop_ibuf_I_O)         0.438     0.438 r  clk_5M/inst/clkin1_ibufg/O
                         net (fo=1, routed)           0.480     0.918    clk_5M/inst/clk_in1_ip_clock_div_top
    MMCME2_ADV_X1Y2      MMCME2_ADV (Prop_mmcme2_adv_CLKIN1_CLKOUT0)
                                                     -3.163    -2.245 r  clk_5M/inst/mmcm_adv_inst/CLKOUT0
                         net (fo=1, routed)           0.544    -1.702    clk_5M/inst/clk_out1_ip_clock_div_top
    BUFGCTRL_X0Y16       BUFG (Prop_bufg_I_O)         0.029    -1.673 r  clk_5M/inst/clkout1_buf/O
                         net (fo=34, routed)          0.877    -0.796    ms_get_clk/clk_out1
    SLICE_X86Y88         FDCE                                         r  ms_get_clk/clk_counter_reg[5]/C

Slack:                    inf
  Source:                 on_switch
                            (input port)
  Destination:            ms_get_clk/clk_counter_reg[6]/CE
                            (rising edge-triggered cell FDCE clocked by clk_out1_ip_clock_div_top  {rise@0.000ns fall@100.000ns period=200.000ns})
  Path Group:             (none)
  Path Type:              Hold (Min at Fast Process Corner)
  Data Path Delay:        1.395ns  (logic 0.326ns (23.366%)  route 1.069ns (76.634%))
  Logic Levels:           2  (IBUF=1 LUT1=1)
  Clock Path Skew:        -0.796ns (DCD - SCD - CPR)
    Destination Clock Delay (DCD):    -0.796ns
    Source Clock Delay      (SCD):    0.000ns
    Clock Pessimism Removal (CPR):    -0.000ns

    Location             Delay type                Incr(ns)  Path(ns)    Netlist Resource(s)
  -------------------------------------------------------------------    -------------------
    U9                                                0.000     0.000 f  on_switch
                         net (fo=0)                   0.000     0.000    on_switch
    U9                   IBUF (Prop_ibuf_I_O)         0.281     0.281 f  on_switch_IBUF_inst/O
                         net (fo=13, routed)          0.858     1.139    ms_get_clk/on_switch_IBUF
    SLICE_X87Y91         LUT1 (Prop_lut1_I0_O)        0.045     1.184 r  ms_get_clk/clk_counter[0]_i_1/O
                         net (fo=18, routed)          0.211     1.395    ms_get_clk/clk_counter[0]_i_1_n_0
    SLICE_X86Y88         FDCE                                         r  ms_get_clk/clk_counter_reg[6]/CE
  -------------------------------------------------------------------    -------------------

                         (clock clk_out1_ip_clock_div_top rise edge)
                                                      0.000     0.000 r  <hidden>
    E3                                                0.000     0.000 r  board_clk
                         net (fo=0)                   0.000     0.000    clk_5M/inst/clk_in1
    E3                   IBUF (Prop_ibuf_I_O)         0.438     0.438 r  clk_5M/inst/clkin1_ibufg/O
                         net (fo=1, routed)           0.480     0.918    clk_5M/inst/clk_in1_ip_clock_div_top
    MMCME2_ADV_X1Y2      MMCME2_ADV (Prop_mmcme2_adv_CLKIN1_CLKOUT0)
                                                     -3.163    -2.245 r  clk_5M/inst/mmcm_adv_inst/CLKOUT0
                         net (fo=1, routed)           0.544    -1.702    clk_5M/inst/clk_out1_ip_clock_div_top
    BUFGCTRL_X0Y16       BUFG (Prop_bufg_I_O)         0.029    -1.673 r  clk_5M/inst/clkout1_buf/O
                         net (fo=34, routed)          0.877    -0.796    ms_get_clk/clk_out1
    SLICE_X86Y88         FDCE                                         r  ms_get_clk/clk_counter_reg[6]/C





