Copyright 1986-2022 Xilinx, Inc. All Rights Reserved. Copyright 2022-2026 Advanced Micro Devices, Inc. All Rights Reserved.
------------------------------------------------------------------------------------------------------------------------------------------------------------------------------------------------------------------------------------
| Tool Version : Vivado v.2026.1 (win64) Build 6511674 Tue Jun 16 11:02:23 MDT 2026
| Date         : Mon Sep 21 11:44:12 2026
| Host         : laptopDeDylan running 64-bit major release  (build 9200)
| Command      : report_timing_summary -max_paths 10 -routable_nets -report_unconstrained -file TopLevel_timing_summary_routed.rpt -pb TopLevel_timing_summary_routed.pb -rpx TopLevel_timing_summary_routed.rpx -warn_on_violation
| Design       : TopLevel
| Device       : 7a100t-csg324
| Speed File   : -1  PRODUCTION 1.23 2018-06-13
| Design State : Routed
------------------------------------------------------------------------------------------------------------------------------------------------------------------------------------------------------------------------------------

Timing Summary Report

------------------------------------------------------------------------------------------------
| Timer Settings
| --------------
------------------------------------------------------------------------------------------------

  Enable Multi Corner Analysis               :  Yes
  Enable Pessimism Removal                   :  Yes
  Pessimism Removal Resolution               :  Nearest Common Node
  Enable Input Delay Default Clock           :  No
  Enable Preset / Clear Arcs                 :  No
  Disable Flight Delays                      :  No
  Ignore I/O Paths                           :  No
  Timing Early Launch at Borrowing Latches   :  No
  Borrow Time for Max Delay Exceptions       :  Yes
  Merge Timing Exceptions                    :  Yes
  Inter-SLR Compensation                     :  Conservative

  Corner  Analyze    Analyze    
  Name    Max Paths  Min Paths  
  ------  ---------  ---------  
  Slow    Yes        Yes        
  Fast    Yes        Yes        


------------------------------------------------------------------------------------------------
| Report Methodology
| ------------------
------------------------------------------------------------------------------------------------

Rule       Severity          Description                    Violations  
---------  ----------------  -----------------------------  ----------  
TIMING-17  Critical Warning  Non-clocked sequential cell    19          
TIMING-18  Warning           Missing input or output delay  10          

Note: This report is based on the most recent report_methodology run and may not be up-to-date. Run report_methodology on the current design for the latest report.



check_timing report

Table of Contents
-----------------
1. checking no_clock (19)
2. checking constant_clock (0)
3. checking pulse_width_clock (0)
4. checking unconstrained_internal_endpoints (38)
5. checking no_input_delay (10)
6. checking no_output_delay (10)
7. checking multiple_clock (0)
8. checking generated_clocks (0)
9. checking loops (0)
10. checking partial_input_delay (0)
11. checking partial_output_delay (0)
12. checking latch_loops (0)

1. checking no_clock (19)
-------------------------
 There are 15 register/latch pins with no clock driven by root clock pin: Seg/clk_5M/clk_out1_reg/Q (HIGH)

 There are 4 register/latch pins with no clock driven by root clock pin: Seg/clk_div_reg[14]/Q (HIGH)


2. checking constant_clock (0)
------------------------------
 There are 0 register/latch pins with constant_clock.


3. checking pulse_width_clock (0)
---------------------------------
 There are 0 register/latch pins which need pulse_width check


4. checking unconstrained_internal_endpoints (38)
-------------------------------------------------
 There are 38 pins that are not constrained for maximum delay. (HIGH)

 There are 0 pins that are not constrained for maximum delay due to constant clock.


5. checking no_input_delay (10)
-------------------------------
 There are 10 input ports with no input delay specified. (HIGH)

 There are 0 input ports with no input delay but user has a false path constraint.


6. checking no_output_delay (10)
--------------------------------
 There are 10 ports with no output delay specified. (HIGH)

 There are 0 ports with no output delay but user has a false path constraint

 There are 0 ports with no output delay but with a timing clock defined on it or propagating through it


7. checking multiple_clock (0)
------------------------------
 There are 0 register/latch pins with multiple clocks.


8. checking generated_clocks (0)
--------------------------------
 There are 0 generated clocks that are not connected to a clock source.


9. checking loops (0)
---------------------
 There are 0 combinational loops in the design.


10. checking partial_input_delay (0)
------------------------------------
 There are 0 input ports with partial input delay specified.


11. checking partial_output_delay (0)
-------------------------------------
 There are 0 ports with partial output delay specified.


12. checking latch_loops (0)
----------------------------
 There are 0 combinational latch loops in the design through latch input



------------------------------------------------------------------------------------------------
| Design Timing Summary
| ---------------------
------------------------------------------------------------------------------------------------

    WNS(ns)      TNS(ns)  TNS Failing Endpoints  TNS Total Endpoints      WHS(ns)      THS(ns)  THS Failing Endpoints  THS Total Endpoints     WPWS(ns)     TPWS(ns)  TPWS Failing Endpoints  TPWS Total Endpoints  
    -------      -------  ---------------------  -------------------      -------      -------  ---------------------  -------------------     --------     --------  ----------------------  --------------------  
      7.622        0.000                      0                    9        0.201        0.000                      0                    9        4.500        0.000                       0                     7  


All user specified timing constraints are met.


------------------------------------------------------------------------------------------------
| Clock Summary
| -------------
------------------------------------------------------------------------------------------------

Clock        Waveform(ns)       Period(ns)      Frequency(MHz)
-----        ------------       ----------      --------------
sys_clk_pin  {0.000 5.000}      10.000          100.000         


------------------------------------------------------------------------------------------------
| Intra Clock Table
| -----------------
------------------------------------------------------------------------------------------------

Clock             WNS(ns)      TNS(ns)  TNS Failing Endpoints  TNS Total Endpoints      WHS(ns)      THS(ns)  THS Failing Endpoints  THS Total Endpoints     WPWS(ns)     TPWS(ns)  TPWS Failing Endpoints  TPWS Total Endpoints  
-----             -------      -------  ---------------------  -------------------      -------      -------  ---------------------  -------------------     --------     --------  ----------------------  --------------------  
sys_clk_pin         7.622        0.000                      0                    9        0.201        0.000                      0                    9        4.500        0.000                       0                     7  


------------------------------------------------------------------------------------------------
| Inter Clock Table
| -----------------
------------------------------------------------------------------------------------------------

From Clock    To Clock          WNS(ns)      TNS(ns)  TNS Failing Endpoints  TNS Total Endpoints      WHS(ns)      THS(ns)  THS Failing Endpoints  THS Total Endpoints  
----------    --------          -------      -------  ---------------------  -------------------      -------      -------  ---------------------  -------------------  


------------------------------------------------------------------------------------------------
| Other Path Groups Table
| -----------------------
------------------------------------------------------------------------------------------------

Path Group    From Clock    To Clock          WNS(ns)      TNS(ns)  TNS Failing Endpoints  TNS Total Endpoints      WHS(ns)      THS(ns)  THS Failing Endpoints  THS Total Endpoints  
----------    ----------    --------          -------      -------  ---------------------  -------------------      -------      -------  ---------------------  -------------------  


------------------------------------------------------------------------------------------------
| User Ignored Path Table
| -----------------------
------------------------------------------------------------------------------------------------

Path Group    From Clock    To Clock    
----------    ----------    --------    


------------------------------------------------------------------------------------------------
| Unconstrained Path Table
| ------------------------
------------------------------------------------------------------------------------------------

Path Group    From Clock    To Clock    
----------    ----------    --------    
(none)                                    
(none)        sys_clk_pin                 
(none)                      sys_clk_pin   


------------------------------------------------------------------------------------------------
| Timing Details
| --------------
------------------------------------------------------------------------------------------------


---------------------------------------------------------------------------------------------------
From Clock:  sys_clk_pin
  To Clock:  sys_clk_pin

Setup :            0  Failing Endpoints,  Worst Slack        7.622ns,  Total Violation        0.000ns
Hold  :            0  Failing Endpoints,  Worst Slack        0.201ns,  Total Violation        0.000ns
PW    :            0  Failing Endpoints,  Worst Slack        4.500ns,  Total Violation        0.000ns
---------------------------------------------------------------------------------------------------


Max Delay Paths
--------------------------------------------------------------------------------------
Slack (MET) :             7.622ns  (required time - arrival time)
  Source:                 Seg/clk_5M/count_reg[2]/C
                            (rising edge-triggered cell FDRE clocked by sys_clk_pin  {rise@0.000ns fall@5.000ns period=10.000ns})
  Destination:            Seg/clk_5M/count_reg[0]/R
                            (rising edge-triggered cell FDRE clocked by sys_clk_pin  {rise@0.000ns fall@5.000ns period=10.000ns})
  Path Group:             sys_clk_pin
  Path Type:              Setup (Max at Slow Process Corner)
  Requirement:            10.000ns  (sys_clk_pin rise@10.000ns - sys_clk_pin rise@0.000ns)
  Data Path Delay:        1.914ns  (logic 0.580ns (30.311%)  route 1.334ns (69.689%))
  Logic Levels:           1  (LUT4=1)
  Clock Path Skew:        0.000ns (DCD - SCD + CPR)
    Destination Clock Delay (DCD):    5.020ns = ( 15.020 - 10.000 ) 
    Source Clock Delay      (SCD):    5.317ns
    Clock Pessimism Removal (CPR):    0.297ns
  Clock Uncertainty:      0.035ns  ((TSJ^2 + TIJ^2)^1/2 + DJ) / 2 + PE
    Total System Jitter     (TSJ):    0.071ns
    Total Input Jitter      (TIJ):    0.000ns
    Discrete Jitter          (DJ):    0.000ns
    Phase Error              (PE):    0.000ns

    Location             Delay type                Incr(ns)  Path(ns)    Netlist Resource(s)
  -------------------------------------------------------------------    -------------------
                         (clock sys_clk_pin rise edge)
                                                      0.000     0.000 r  <hidden>
    E3                                                0.000     0.000 r  Clk
                         net (fo=0)                   0.000     0.000    Clk
    E3                   IBUF (Prop_ibuf_I_O)         1.482     1.482 r  Clk_IBUF_inst/O
                         net (fo=1, routed)           2.025     3.506    Clk_IBUF
    BUFGCTRL_X0Y16       BUFG (Prop_bufg_I_O)         0.096     3.602 r  Clk_IBUF_BUFG_inst/O
                         net (fo=6, routed)           1.714     5.317    Seg/clk_5M/Clk
    SLICE_X87Y73         FDRE                                         r  Seg/clk_5M/count_reg[2]/C
  -------------------------------------------------------------------    -------------------
    SLICE_X87Y73         FDRE (Prop_fdre_C_Q)         0.456     5.773 f  Seg/clk_5M/count_reg[2]/Q
                         net (fo=4, routed)           0.712     6.484    Seg/clk_5M/count_reg[2]
    SLICE_X87Y73         LUT4 (Prop_lut4_I1_O)        0.124     6.608 r  Seg/clk_5M/count[3]_i_1/O
                         net (fo=4, routed)           0.622     7.230    Seg/clk_5M/count[3]_i_1_n_0
    SLICE_X87Y73         FDRE                                         r  Seg/clk_5M/count_reg[0]/R
  -------------------------------------------------------------------    -------------------

                         (clock sys_clk_pin rise edge)
                                                     10.000    10.000 r  <hidden>
    E3                                                0.000    10.000 r  Clk
                         net (fo=0)                   0.000    10.000    Clk
    E3                   IBUF (Prop_ibuf_I_O)         1.411    11.411 r  Clk_IBUF_inst/O
                         net (fo=1, routed)           1.920    13.331    Clk_IBUF
    BUFGCTRL_X0Y16       BUFG (Prop_bufg_I_O)         0.091    13.422 r  Clk_IBUF_BUFG_inst/O
                         net (fo=6, routed)           1.597    15.020    Seg/clk_5M/Clk
    SLICE_X87Y73         FDRE                                         r  Seg/clk_5M/count_reg[0]/C
                         clock pessimism              0.297    15.317    <hidden>
                         clock uncertainty           -0.035    15.281    <hidden>
    SLICE_X87Y73         FDRE (Setup_fdre_C_R)       -0.429    14.852    Seg/clk_5M/count_reg[0]
  -------------------------------------------------------------------
                         required time                         14.852    <hidden>
                         arrival time                          -7.230    <hidden>
  -------------------------------------------------------------------
                         slack                                  7.622    <hidden>

Slack (MET) :             7.622ns  (required time - arrival time)
  Source:                 Seg/clk_5M/count_reg[2]/C
                            (rising edge-triggered cell FDRE clocked by sys_clk_pin  {rise@0.000ns fall@5.000ns period=10.000ns})
  Destination:            Seg/clk_5M/count_reg[1]/R
                            (rising edge-triggered cell FDRE clocked by sys_clk_pin  {rise@0.000ns fall@5.000ns period=10.000ns})
  Path Group:             sys_clk_pin
  Path Type:              Setup (Max at Slow Process Corner)
  Requirement:            10.000ns  (sys_clk_pin rise@10.000ns - sys_clk_pin rise@0.000ns)
  Data Path Delay:        1.914ns  (logic 0.580ns (30.311%)  route 1.334ns (69.689%))
  Logic Levels:           1  (LUT4=1)
  Clock Path Skew:        0.000ns (DCD - SCD + CPR)
    Destination Clock Delay (DCD):    5.020ns = ( 15.020 - 10.000 ) 
    Source Clock Delay      (SCD):    5.317ns
    Clock Pessimism Removal (CPR):    0.297ns
  Clock Uncertainty:      0.035ns  ((TSJ^2 + TIJ^2)^1/2 + DJ) / 2 + PE
    Total System Jitter     (TSJ):    0.071ns
    Total Input Jitter      (TIJ):    0.000ns
    Discrete Jitter          (DJ):    0.000ns
    Phase Error              (PE):    0.000ns

    Location             Delay type                Incr(ns)  Path(ns)    Netlist Resource(s)
  -------------------------------------------------------------------    -------------------
                         (clock sys_clk_pin rise edge)
                                                      0.000     0.000 r  <hidden>
    E3                                                0.000     0.000 r  Clk
                         net (fo=0)                   0.000     0.000    Clk
    E3                   IBUF (Prop_ibuf_I_O)         1.482     1.482 r  Clk_IBUF_inst/O
                         net (fo=1, routed)           2.025     3.506    Clk_IBUF
    BUFGCTRL_X0Y16       BUFG (Prop_bufg_I_O)         0.096     3.602 r  Clk_IBUF_BUFG_inst/O
                         net (fo=6, routed)           1.714     5.317    Seg/clk_5M/Clk
    SLICE_X87Y73         FDRE                                         r  Seg/clk_5M/count_reg[2]/C
  -------------------------------------------------------------------    -------------------
    SLICE_X87Y73         FDRE (Prop_fdre_C_Q)         0.456     5.773 f  Seg/clk_5M/count_reg[2]/Q
                         net (fo=4, routed)           0.712     6.484    Seg/clk_5M/count_reg[2]
    SLICE_X87Y73         LUT4 (Prop_lut4_I1_O)        0.124     6.608 r  Seg/clk_5M/count[3]_i_1/O
                         net (fo=4, routed)           0.622     7.230    Seg/clk_5M/count[3]_i_1_n_0
    SLICE_X87Y73         FDRE                                         r  Seg/clk_5M/count_reg[1]/R
  -------------------------------------------------------------------    -------------------

                         (clock sys_clk_pin rise edge)
                                                     10.000    10.000 r  <hidden>
    E3                                                0.000    10.000 r  Clk
                         net (fo=0)                   0.000    10.000    Clk
    E3                   IBUF (Prop_ibuf_I_O)         1.411    11.411 r  Clk_IBUF_inst/O
                         net (fo=1, routed)           1.920    13.331    Clk_IBUF
    BUFGCTRL_X0Y16       BUFG (Prop_bufg_I_O)         0.091    13.422 r  Clk_IBUF_BUFG_inst/O
                         net (fo=6, routed)           1.597    15.020    Seg/clk_5M/Clk
    SLICE_X87Y73         FDRE                                         r  Seg/clk_5M/count_reg[1]/C
                         clock pessimism              0.297    15.317    <hidden>
                         clock uncertainty           -0.035    15.281    <hidden>
    SLICE_X87Y73         FDRE (Setup_fdre_C_R)       -0.429    14.852    Seg/clk_5M/count_reg[1]
  -------------------------------------------------------------------
                         required time                         14.852    <hidden>
                         arrival time                          -7.230    <hidden>
  -------------------------------------------------------------------
                         slack                                  7.622    <hidden>

Slack (MET) :             7.622ns  (required time - arrival time)
  Source:                 Seg/clk_5M/count_reg[2]/C
                            (rising edge-triggered cell FDRE clocked by sys_clk_pin  {rise@0.000ns fall@5.000ns period=10.000ns})
  Destination:            Seg/clk_5M/count_reg[2]/R
                            (rising edge-triggered cell FDRE clocked by sys_clk_pin  {rise@0.000ns fall@5.000ns period=10.000ns})
  Path Group:             sys_clk_pin
  Path Type:              Setup (Max at Slow Process Corner)
  Requirement:            10.000ns  (sys_clk_pin rise@10.000ns - sys_clk_pin rise@0.000ns)
  Data Path Delay:        1.914ns  (logic 0.580ns (30.311%)  route 1.334ns (69.689%))
  Logic Levels:           1  (LUT4=1)
  Clock Path Skew:        0.000ns (DCD - SCD + CPR)
    Destination Clock Delay (DCD):    5.020ns = ( 15.020 - 10.000 ) 
    Source Clock Delay      (SCD):    5.317ns
    Clock Pessimism Removal (CPR):    0.297ns
  Clock Uncertainty:      0.035ns  ((TSJ^2 + TIJ^2)^1/2 + DJ) / 2 + PE
    Total System Jitter     (TSJ):    0.071ns
    Total Input Jitter      (TIJ):    0.000ns
    Discrete Jitter          (DJ):    0.000ns
    Phase Error              (PE):    0.000ns

    Location             Delay type                Incr(ns)  Path(ns)    Netlist Resource(s)
  -------------------------------------------------------------------    -------------------
                         (clock sys_clk_pin rise edge)
                                                      0.000     0.000 r  <hidden>
    E3                                                0.000     0.000 r  Clk
                         net (fo=0)                   0.000     0.000    Clk
    E3                   IBUF (Prop_ibuf_I_O)         1.482     1.482 r  Clk_IBUF_inst/O
                         net (fo=1, routed)           2.025     3.506    Clk_IBUF
    BUFGCTRL_X0Y16       BUFG (Prop_bufg_I_O)         0.096     3.602 r  Clk_IBUF_BUFG_inst/O
                         net (fo=6, routed)           1.714     5.317    Seg/clk_5M/Clk
    SLICE_X87Y73         FDRE                                         r  Seg/clk_5M/count_reg[2]/C
  -------------------------------------------------------------------    -------------------
    SLICE_X87Y73         FDRE (Prop_fdre_C_Q)         0.456     5.773 f  Seg/clk_5M/count_reg[2]/Q
                         net (fo=4, routed)           0.712     6.484    Seg/clk_5M/count_reg[2]
    SLICE_X87Y73         LUT4 (Prop_lut4_I1_O)        0.124     6.608 r  Seg/clk_5M/count[3]_i_1/O
                         net (fo=4, routed)           0.622     7.230    Seg/clk_5M/count[3]_i_1_n_0
    SLICE_X87Y73         FDRE                                         r  Seg/clk_5M/count_reg[2]/R
  -------------------------------------------------------------------    -------------------

                         (clock sys_clk_pin rise edge)
                                                     10.000    10.000 r  <hidden>
    E3                                                0.000    10.000 r  Clk
                         net (fo=0)                   0.000    10.000    Clk
    E3                   IBUF (Prop_ibuf_I_O)         1.411    11.411 r  Clk_IBUF_inst/O
                         net (fo=1, routed)           1.920    13.331    Clk_IBUF
    BUFGCTRL_X0Y16       BUFG (Prop_bufg_I_O)         0.091    13.422 r  Clk_IBUF_BUFG_inst/O
                         net (fo=6, routed)           1.597    15.020    Seg/clk_5M/Clk
    SLICE_X87Y73         FDRE                                         r  Seg/clk_5M/count_reg[2]/C
                         clock pessimism              0.297    15.317    <hidden>
                         clock uncertainty           -0.035    15.281    <hidden>
    SLICE_X87Y73         FDRE (Setup_fdre_C_R)       -0.429    14.852    Seg/clk_5M/count_reg[2]
  -------------------------------------------------------------------
                         required time                         14.852    <hidden>
                         arrival time                          -7.230    <hidden>
  -------------------------------------------------------------------
                         slack                                  7.622    <hidden>

Slack (MET) :             7.622ns  (required time - arrival time)
  Source:                 Seg/clk_5M/count_reg[2]/C
                            (rising edge-triggered cell FDRE clocked by sys_clk_pin  {rise@0.000ns fall@5.000ns period=10.000ns})
  Destination:            Seg/clk_5M/count_reg[3]/R
                            (rising edge-triggered cell FDRE clocked by sys_clk_pin  {rise@0.000ns fall@5.000ns period=10.000ns})
  Path Group:             sys_clk_pin
  Path Type:              Setup (Max at Slow Process Corner)
  Requirement:            10.000ns  (sys_clk_pin rise@10.000ns - sys_clk_pin rise@0.000ns)
  Data Path Delay:        1.914ns  (logic 0.580ns (30.311%)  route 1.334ns (69.689%))
  Logic Levels:           1  (LUT4=1)
  Clock Path Skew:        0.000ns (DCD - SCD + CPR)
    Destination Clock Delay (DCD):    5.020ns = ( 15.020 - 10.000 ) 
    Source Clock Delay      (SCD):    5.317ns
    Clock Pessimism Removal (CPR):    0.297ns
  Clock Uncertainty:      0.035ns  ((TSJ^2 + TIJ^2)^1/2 + DJ) / 2 + PE
    Total System Jitter     (TSJ):    0.071ns
    Total Input Jitter      (TIJ):    0.000ns
    Discrete Jitter          (DJ):    0.000ns
    Phase Error              (PE):    0.000ns

    Location             Delay type                Incr(ns)  Path(ns)    Netlist Resource(s)
  -------------------------------------------------------------------    -------------------
                         (clock sys_clk_pin rise edge)
                                                      0.000     0.000 r  <hidden>
    E3                                                0.000     0.000 r  Clk
                         net (fo=0)                   0.000     0.000    Clk
    E3                   IBUF (Prop_ibuf_I_O)         1.482     1.482 r  Clk_IBUF_inst/O
                         net (fo=1, routed)           2.025     3.506    Clk_IBUF
    BUFGCTRL_X0Y16       BUFG (Prop_bufg_I_O)         0.096     3.602 r  Clk_IBUF_BUFG_inst/O
                         net (fo=6, routed)           1.714     5.317    Seg/clk_5M/Clk
    SLICE_X87Y73         FDRE                                         r  Seg/clk_5M/count_reg[2]/C
  -------------------------------------------------------------------    -------------------
    SLICE_X87Y73         FDRE (Prop_fdre_C_Q)         0.456     5.773 f  Seg/clk_5M/count_reg[2]/Q
                         net (fo=4, routed)           0.712     6.484    Seg/clk_5M/count_reg[2]
    SLICE_X87Y73         LUT4 (Prop_lut4_I1_O)        0.124     6.608 r  Seg/clk_5M/count[3]_i_1/O
                         net (fo=4, routed)           0.622     7.230    Seg/clk_5M/count[3]_i_1_n_0
    SLICE_X87Y73         FDRE                                         r  Seg/clk_5M/count_reg[3]/R
  -------------------------------------------------------------------    -------------------

                         (clock sys_clk_pin rise edge)
                                                     10.000    10.000 r  <hidden>
    E3                                                0.000    10.000 r  Clk
                         net (fo=0)                   0.000    10.000    Clk
    E3                   IBUF (Prop_ibuf_I_O)         1.411    11.411 r  Clk_IBUF_inst/O
                         net (fo=1, routed)           1.920    13.331    Clk_IBUF
    BUFGCTRL_X0Y16       BUFG (Prop_bufg_I_O)         0.091    13.422 r  Clk_IBUF_BUFG_inst/O
                         net (fo=6, routed)           1.597    15.020    Seg/clk_5M/Clk
    SLICE_X87Y73         FDRE                                         r  Seg/clk_5M/count_reg[3]/C
                         clock pessimism              0.297    15.317    <hidden>
                         clock uncertainty           -0.035    15.281    <hidden>
    SLICE_X87Y73         FDRE (Setup_fdre_C_R)       -0.429    14.852    Seg/clk_5M/count_reg[3]
  -------------------------------------------------------------------
                         required time                         14.852    <hidden>
                         arrival time                          -7.230    <hidden>
  -------------------------------------------------------------------
                         slack                                  7.622    <hidden>

Slack (MET) :             8.154ns  (required time - arrival time)
  Source:                 Seg/clk_5M/count_reg[0]/C
                            (rising edge-triggered cell FDRE clocked by sys_clk_pin  {rise@0.000ns fall@5.000ns period=10.000ns})
  Destination:            Seg/clk_5M/count_reg[0]/D
                            (rising edge-triggered cell FDRE clocked by sys_clk_pin  {rise@0.000ns fall@5.000ns period=10.000ns})
  Path Group:             sys_clk_pin
  Path Type:              Setup (Max at Slow Process Corner)
  Requirement:            10.000ns  (sys_clk_pin rise@10.000ns - sys_clk_pin rise@0.000ns)
  Data Path Delay:        1.840ns  (logic 0.580ns (31.526%)  route 1.260ns (68.474%))
  Logic Levels:           1  (LUT1=1)
  Clock Path Skew:        0.000ns (DCD - SCD + CPR)
    Destination Clock Delay (DCD):    5.020ns = ( 15.020 - 10.000 ) 
    Source Clock Delay      (SCD):    5.317ns
    Clock Pessimism Removal (CPR):    0.297ns
  Clock Uncertainty:      0.035ns  ((TSJ^2 + TIJ^2)^1/2 + DJ) / 2 + PE
    Total System Jitter     (TSJ):    0.071ns
    Total Input Jitter      (TIJ):    0.000ns
    Discrete Jitter          (DJ):    0.000ns
    Phase Error              (PE):    0.000ns

    Location             Delay type                Incr(ns)  Path(ns)    Netlist Resource(s)
  -------------------------------------------------------------------    -------------------
                         (clock sys_clk_pin rise edge)
                                                      0.000     0.000 r  <hidden>
    E3                                                0.000     0.000 r  Clk
                         net (fo=0)                   0.000     0.000    Clk
    E3                   IBUF (Prop_ibuf_I_O)         1.482     1.482 r  Clk_IBUF_inst/O
                         net (fo=1, routed)           2.025     3.506    Clk_IBUF
    BUFGCTRL_X0Y16       BUFG (Prop_bufg_I_O)         0.096     3.602 r  Clk_IBUF_BUFG_inst/O
                         net (fo=6, routed)           1.714     5.317    Seg/clk_5M/Clk
    SLICE_X87Y73         FDRE                                         r  Seg/clk_5M/count_reg[0]/C
  -------------------------------------------------------------------    -------------------
    SLICE_X87Y73         FDRE (Prop_fdre_C_Q)         0.456     5.773 f  Seg/clk_5M/count_reg[0]/Q
                         net (fo=6, routed)           1.260     7.032    Seg/clk_5M/count_reg[0]
    SLICE_X87Y73         LUT1 (Prop_lut1_I0_O)        0.124     7.156 r  Seg/clk_5M/count[0]_i_1/O
                         net (fo=1, routed)           0.000     7.156    Seg/clk_5M/count[0]_i_1_n_0
    SLICE_X87Y73         FDRE                                         r  Seg/clk_5M/count_reg[0]/D
  -------------------------------------------------------------------    -------------------

                         (clock sys_clk_pin rise edge)
                                                     10.000    10.000 r  <hidden>
    E3                                                0.000    10.000 r  Clk
                         net (fo=0)                   0.000    10.000    Clk
    E3                   IBUF (Prop_ibuf_I_O)         1.411    11.411 r  Clk_IBUF_inst/O
                         net (fo=1, routed)           1.920    13.331    Clk_IBUF
    BUFGCTRL_X0Y16       BUFG (Prop_bufg_I_O)         0.091    13.422 r  Clk_IBUF_BUFG_inst/O
                         net (fo=6, routed)           1.597    15.020    Seg/clk_5M/Clk
    SLICE_X87Y73         FDRE                                         r  Seg/clk_5M/count_reg[0]/C
                         clock pessimism              0.297    15.317    <hidden>
                         clock uncertainty           -0.035    15.281    <hidden>
    SLICE_X87Y73         FDRE (Setup_fdre_C_D)        0.029    15.310    Seg/clk_5M/count_reg[0]
  -------------------------------------------------------------------
                         required time                         15.310    <hidden>
                         arrival time                          -7.156    <hidden>
  -------------------------------------------------------------------
                         slack                                  8.154    <hidden>

Slack (MET) :             8.172ns  (required time - arrival time)
  Source:                 Seg/clk_5M/count_reg[0]/C
                            (rising edge-triggered cell FDRE clocked by sys_clk_pin  {rise@0.000ns fall@5.000ns period=10.000ns})
  Destination:            Seg/clk_5M/count_reg[1]/D
                            (rising edge-triggered cell FDRE clocked by sys_clk_pin  {rise@0.000ns fall@5.000ns period=10.000ns})
  Path Group:             sys_clk_pin
  Path Type:              Setup (Max at Slow Process Corner)
  Requirement:            10.000ns  (sys_clk_pin rise@10.000ns - sys_clk_pin rise@0.000ns)
  Data Path Delay:        1.868ns  (logic 0.608ns (32.552%)  route 1.260ns (67.448%))
  Logic Levels:           1  (LUT2=1)
  Clock Path Skew:        0.000ns (DCD - SCD + CPR)
    Destination Clock Delay (DCD):    5.020ns = ( 15.020 - 10.000 ) 
    Source Clock Delay      (SCD):    5.317ns
    Clock Pessimism Removal (CPR):    0.297ns
  Clock Uncertainty:      0.035ns  ((TSJ^2 + TIJ^2)^1/2 + DJ) / 2 + PE
    Total System Jitter     (TSJ):    0.071ns
    Total Input Jitter      (TIJ):    0.000ns
    Discrete Jitter          (DJ):    0.000ns
    Phase Error              (PE):    0.000ns

    Location             Delay type                Incr(ns)  Path(ns)    Netlist Resource(s)
  -------------------------------------------------------------------    -------------------
                         (clock sys_clk_pin rise edge)
                                                      0.000     0.000 r  <hidden>
    E3                                                0.000     0.000 r  Clk
                         net (fo=0)                   0.000     0.000    Clk
    E3                   IBUF (Prop_ibuf_I_O)         1.482     1.482 r  Clk_IBUF_inst/O
                         net (fo=1, routed)           2.025     3.506    Clk_IBUF
    BUFGCTRL_X0Y16       BUFG (Prop_bufg_I_O)         0.096     3.602 r  Clk_IBUF_BUFG_inst/O
                         net (fo=6, routed)           1.714     5.317    Seg/clk_5M/Clk
    SLICE_X87Y73         FDRE                                         r  Seg/clk_5M/count_reg[0]/C
  -------------------------------------------------------------------    -------------------
    SLICE_X87Y73         FDRE (Prop_fdre_C_Q)         0.456     5.773 r  Seg/clk_5M/count_reg[0]/Q
                         net (fo=6, routed)           1.260     7.032    Seg/clk_5M/count_reg[0]
    SLICE_X87Y73         LUT2 (Prop_lut2_I0_O)        0.152     7.184 r  Seg/clk_5M/count[1]_i_1/O
                         net (fo=1, routed)           0.000     7.184    Seg/clk_5M/count[1]_i_1_n_0
    SLICE_X87Y73         FDRE                                         r  Seg/clk_5M/count_reg[1]/D
  -------------------------------------------------------------------    -------------------

                         (clock sys_clk_pin rise edge)
                                                     10.000    10.000 r  <hidden>
    E3                                                0.000    10.000 r  Clk
                         net (fo=0)                   0.000    10.000    Clk
    E3                   IBUF (Prop_ibuf_I_O)         1.411    11.411 r  Clk_IBUF_inst/O
                         net (fo=1, routed)           1.920    13.331    Clk_IBUF
    BUFGCTRL_X0Y16       BUFG (Prop_bufg_I_O)         0.091    13.422 r  Clk_IBUF_BUFG_inst/O
                         net (fo=6, routed)           1.597    15.020    Seg/clk_5M/Clk
    SLICE_X87Y73         FDRE                                         r  Seg/clk_5M/count_reg[1]/C
                         clock pessimism              0.297    15.317    <hidden>
                         clock uncertainty           -0.035    15.281    <hidden>
    SLICE_X87Y73         FDRE (Setup_fdre_C_D)        0.075    15.356    Seg/clk_5M/count_reg[1]
  -------------------------------------------------------------------
                         required time                         15.356    <hidden>
                         arrival time                          -7.184    <hidden>
  -------------------------------------------------------------------
                         slack                                  8.172    <hidden>

Slack (MET) :             8.203ns  (required time - arrival time)
  Source:                 Seg/clk_5M/count_reg[1]/C
                            (rising edge-triggered cell FDRE clocked by sys_clk_pin  {rise@0.000ns fall@5.000ns period=10.000ns})
  Destination:            Seg/clk_5M/count_reg[2]/D
                            (rising edge-triggered cell FDRE clocked by sys_clk_pin  {rise@0.000ns fall@5.000ns period=10.000ns})
  Path Group:             sys_clk_pin
  Path Type:              Setup (Max at Slow Process Corner)
  Requirement:            10.000ns  (sys_clk_pin rise@10.000ns - sys_clk_pin rise@0.000ns)
  Data Path Delay:        1.792ns  (logic 0.718ns (40.061%)  route 1.074ns (59.939%))
  Logic Levels:           1  (LUT3=1)
  Clock Path Skew:        0.000ns (DCD - SCD + CPR)
    Destination Clock Delay (DCD):    5.020ns = ( 15.020 - 10.000 ) 
    Source Clock Delay      (SCD):    5.317ns
    Clock Pessimism Removal (CPR):    0.297ns
  Clock Uncertainty:      0.035ns  ((TSJ^2 + TIJ^2)^1/2 + DJ) / 2 + PE
    Total System Jitter     (TSJ):    0.071ns
    Total Input Jitter      (TIJ):    0.000ns
    Discrete Jitter          (DJ):    0.000ns
    Phase Error              (PE):    0.000ns

    Location             Delay type                Incr(ns)  Path(ns)    Netlist Resource(s)
  -------------------------------------------------------------------    -------------------
                         (clock sys_clk_pin rise edge)
                                                      0.000     0.000 r  <hidden>
    E3                                                0.000     0.000 r  Clk
                         net (fo=0)                   0.000     0.000    Clk
    E3                   IBUF (Prop_ibuf_I_O)         1.482     1.482 r  Clk_IBUF_inst/O
                         net (fo=1, routed)           2.025     3.506    Clk_IBUF
    BUFGCTRL_X0Y16       BUFG (Prop_bufg_I_O)         0.096     3.602 r  Clk_IBUF_BUFG_inst/O
                         net (fo=6, routed)           1.714     5.317    Seg/clk_5M/Clk
    SLICE_X87Y73         FDRE                                         r  Seg/clk_5M/count_reg[1]/C
  -------------------------------------------------------------------    -------------------
    SLICE_X87Y73         FDRE (Prop_fdre_C_Q)         0.419     5.736 r  Seg/clk_5M/count_reg[1]/Q
                         net (fo=5, routed)           1.074     6.810    Seg/clk_5M/count_reg[1]
    SLICE_X87Y73         LUT3 (Prop_lut3_I1_O)        0.299     7.109 r  Seg/clk_5M/count[2]_i_1/O
                         net (fo=1, routed)           0.000     7.109    Seg/clk_5M/count[2]_i_1_n_0
    SLICE_X87Y73         FDRE                                         r  Seg/clk_5M/count_reg[2]/D
  -------------------------------------------------------------------    -------------------

                         (clock sys_clk_pin rise edge)
                                                     10.000    10.000 r  <hidden>
    E3                                                0.000    10.000 r  Clk
                         net (fo=0)                   0.000    10.000    Clk
    E3                   IBUF (Prop_ibuf_I_O)         1.411    11.411 r  Clk_IBUF_inst/O
                         net (fo=1, routed)           1.920    13.331    Clk_IBUF
    BUFGCTRL_X0Y16       BUFG (Prop_bufg_I_O)         0.091    13.422 r  Clk_IBUF_BUFG_inst/O
                         net (fo=6, routed)           1.597    15.020    Seg/clk_5M/Clk
    SLICE_X87Y73         FDRE                                         r  Seg/clk_5M/count_reg[2]/C
                         clock pessimism              0.297    15.317    <hidden>
                         clock uncertainty           -0.035    15.281    <hidden>
    SLICE_X87Y73         FDRE (Setup_fdre_C_D)        0.031    15.312    Seg/clk_5M/count_reg[2]
  -------------------------------------------------------------------
                         required time                         15.312    <hidden>
                         arrival time                          -7.109    <hidden>
  -------------------------------------------------------------------
                         slack                                  8.203    <hidden>

Slack (MET) :             8.219ns  (required time - arrival time)
  Source:                 Seg/clk_5M/count_reg[1]/C
                            (rising edge-triggered cell FDRE clocked by sys_clk_pin  {rise@0.000ns fall@5.000ns period=10.000ns})
  Destination:            Seg/clk_5M/count_reg[3]/D
                            (rising edge-triggered cell FDRE clocked by sys_clk_pin  {rise@0.000ns fall@5.000ns period=10.000ns})
  Path Group:             sys_clk_pin
  Path Type:              Setup (Max at Slow Process Corner)
  Requirement:            10.000ns  (sys_clk_pin rise@10.000ns - sys_clk_pin rise@0.000ns)
  Data Path Delay:        1.820ns  (logic 0.746ns (40.983%)  route 1.074ns (59.017%))
  Logic Levels:           1  (LUT4=1)
  Clock Path Skew:        0.000ns (DCD - SCD + CPR)
    Destination Clock Delay (DCD):    5.020ns = ( 15.020 - 10.000 ) 
    Source Clock Delay      (SCD):    5.317ns
    Clock Pessimism Removal (CPR):    0.297ns
  Clock Uncertainty:      0.035ns  ((TSJ^2 + TIJ^2)^1/2 + DJ) / 2 + PE
    Total System Jitter     (TSJ):    0.071ns
    Total Input Jitter      (TIJ):    0.000ns
    Discrete Jitter          (DJ):    0.000ns
    Phase Error              (PE):    0.000ns

    Location             Delay type                Incr(ns)  Path(ns)    Netlist Resource(s)
  -------------------------------------------------------------------    -------------------
                         (clock sys_clk_pin rise edge)
                                                      0.000     0.000 r  <hidden>
    E3                                                0.000     0.000 r  Clk
                         net (fo=0)                   0.000     0.000    Clk
    E3                   IBUF (Prop_ibuf_I_O)         1.482     1.482 r  Clk_IBUF_inst/O
                         net (fo=1, routed)           2.025     3.506    Clk_IBUF
    BUFGCTRL_X0Y16       BUFG (Prop_bufg_I_O)         0.096     3.602 r  Clk_IBUF_BUFG_inst/O
                         net (fo=6, routed)           1.714     5.317    Seg/clk_5M/Clk
    SLICE_X87Y73         FDRE                                         r  Seg/clk_5M/count_reg[1]/C
  -------------------------------------------------------------------    -------------------
    SLICE_X87Y73         FDRE (Prop_fdre_C_Q)         0.419     5.736 r  Seg/clk_5M/count_reg[1]/Q
                         net (fo=5, routed)           1.074     6.810    Seg/clk_5M/count_reg[1]
    SLICE_X87Y73         LUT4 (Prop_lut4_I0_O)        0.327     7.137 r  Seg/clk_5M/count[3]_i_2/O
                         net (fo=1, routed)           0.000     7.137    Seg/clk_5M/count[3]_i_2_n_0
    SLICE_X87Y73         FDRE                                         r  Seg/clk_5M/count_reg[3]/D
  -------------------------------------------------------------------    -------------------

                         (clock sys_clk_pin rise edge)
                                                     10.000    10.000 r  <hidden>
    E3                                                0.000    10.000 r  Clk
                         net (fo=0)                   0.000    10.000    Clk
    E3                   IBUF (Prop_ibuf_I_O)         1.411    11.411 r  Clk_IBUF_inst/O
                         net (fo=1, routed)           1.920    13.331    Clk_IBUF
    BUFGCTRL_X0Y16       BUFG (Prop_bufg_I_O)         0.091    13.422 r  Clk_IBUF_BUFG_inst/O
                         net (fo=6, routed)           1.597    15.020    Seg/clk_5M/Clk
    SLICE_X87Y73         FDRE                                         r  Seg/clk_5M/count_reg[3]/C
                         clock pessimism              0.297    15.317    <hidden>
                         clock uncertainty           -0.035    15.281    <hidden>
    SLICE_X87Y73         FDRE (Setup_fdre_C_D)        0.075    15.356    Seg/clk_5M/count_reg[3]
  -------------------------------------------------------------------
                         required time                         15.356    <hidden>
                         arrival time                          -7.137    <hidden>
  -------------------------------------------------------------------
                         slack                                  8.219    <hidden>

Slack (MET) :             8.361ns  (required time - arrival time)
  Source:                 Seg/clk_5M/count_reg[1]/C
                            (rising edge-triggered cell FDRE clocked by sys_clk_pin  {rise@0.000ns fall@5.000ns period=10.000ns})
  Destination:            Seg/clk_5M/clk_out1_reg/D
                            (rising edge-triggered cell FDRE clocked by sys_clk_pin  {rise@0.000ns fall@5.000ns period=10.000ns})
  Path Group:             sys_clk_pin
  Path Type:              Setup (Max at Slow Process Corner)
  Requirement:            10.000ns  (sys_clk_pin rise@10.000ns - sys_clk_pin rise@0.000ns)
  Data Path Delay:        1.611ns  (logic 0.718ns (44.582%)  route 0.893ns (55.418%))
  Logic Levels:           1  (LUT5=1)
  Clock Path Skew:        -0.022ns (DCD - SCD + CPR)
    Destination Clock Delay (DCD):    5.020ns = ( 15.020 - 10.000 ) 
    Source Clock Delay      (SCD):    5.317ns
    Clock Pessimism Removal (CPR):    0.275ns
  Clock Uncertainty:      0.035ns  ((TSJ^2 + TIJ^2)^1/2 + DJ) / 2 + PE
    Total System Jitter     (TSJ):    0.071ns
    Total Input Jitter      (TIJ):    0.000ns
    Discrete Jitter          (DJ):    0.000ns
    Phase Error              (PE):    0.000ns

    Location             Delay type                Incr(ns)  Path(ns)    Netlist Resource(s)
  -------------------------------------------------------------------    -------------------
                         (clock sys_clk_pin rise edge)
                                                      0.000     0.000 r  <hidden>
    E3                                                0.000     0.000 r  Clk
                         net (fo=0)                   0.000     0.000    Clk
    E3                   IBUF (Prop_ibuf_I_O)         1.482     1.482 r  Clk_IBUF_inst/O
                         net (fo=1, routed)           2.025     3.506    Clk_IBUF
    BUFGCTRL_X0Y16       BUFG (Prop_bufg_I_O)         0.096     3.602 r  Clk_IBUF_BUFG_inst/O
                         net (fo=6, routed)           1.714     5.317    Seg/clk_5M/Clk
    SLICE_X87Y73         FDRE                                         r  Seg/clk_5M/count_reg[1]/C
  -------------------------------------------------------------------    -------------------
    SLICE_X87Y73         FDRE (Prop_fdre_C_Q)         0.419     5.736 r  Seg/clk_5M/count_reg[1]/Q
                         net (fo=5, routed)           0.893     6.628    Seg/clk_5M/count_reg[1]
    SLICE_X86Y73         LUT5 (Prop_lut5_I3_O)        0.299     6.927 r  Seg/clk_5M/clk_out1_i_1/O
                         net (fo=1, routed)           0.000     6.927    Seg/clk_5M/clk_out1_i_1_n_0
    SLICE_X86Y73         FDRE                                         r  Seg/clk_5M/clk_out1_reg/D
  -------------------------------------------------------------------    -------------------

                         (clock sys_clk_pin rise edge)
                                                     10.000    10.000 r  <hidden>
    E3                                                0.000    10.000 r  Clk
                         net (fo=0)                   0.000    10.000    Clk
    E3                   IBUF (Prop_ibuf_I_O)         1.411    11.411 r  Clk_IBUF_inst/O
                         net (fo=1, routed)           1.920    13.331    Clk_IBUF
    BUFGCTRL_X0Y16       BUFG (Prop_bufg_I_O)         0.091    13.422 r  Clk_IBUF_BUFG_inst/O
                         net (fo=6, routed)           1.597    15.020    Seg/clk_5M/Clk
    SLICE_X86Y73         FDRE                                         r  Seg/clk_5M/clk_out1_reg/C
                         clock pessimism              0.275    15.295    <hidden>
                         clock uncertainty           -0.035    15.259    <hidden>
    SLICE_X86Y73         FDRE (Setup_fdre_C_D)        0.029    15.288    Seg/clk_5M/clk_out1_reg
  -------------------------------------------------------------------
                         required time                         15.288    <hidden>
                         arrival time                          -6.927    <hidden>
  -------------------------------------------------------------------
                         slack                                  8.361    <hidden>





Min Delay Paths
--------------------------------------------------------------------------------------
Slack (MET) :             0.201ns  (arrival time - required time)
  Source:                 Seg/clk_5M/count_reg[0]/C
                            (rising edge-triggered cell FDRE clocked by sys_clk_pin  {rise@0.000ns fall@5.000ns period=10.000ns})
  Destination:            Seg/clk_5M/clk_out1_reg/D
                            (rising edge-triggered cell FDRE clocked by sys_clk_pin  {rise@0.000ns fall@5.000ns period=10.000ns})
  Path Group:             sys_clk_pin
  Path Type:              Hold (Min at Fast Process Corner)
  Requirement:            0.000ns  (sys_clk_pin rise@0.000ns - sys_clk_pin rise@0.000ns)
  Data Path Delay:        0.305ns  (logic 0.186ns (61.010%)  route 0.119ns (38.990%))
  Logic Levels:           1  (LUT5=1)
  Clock Path Skew:        0.013ns (DCD - SCD - CPR)
    Destination Clock Delay (DCD):    2.029ns
    Source Clock Delay      (SCD):    1.514ns
    Clock Pessimism Removal (CPR):    0.501ns

    Location             Delay type                Incr(ns)  Path(ns)    Netlist Resource(s)
  -------------------------------------------------------------------    -------------------
                         (clock sys_clk_pin rise edge)
                                                      0.000     0.000 r  <hidden>
    E3                                                0.000     0.000 r  Clk
                         net (fo=0)                   0.000     0.000    Clk
    E3                   IBUF (Prop_ibuf_I_O)         0.250     0.250 r  Clk_IBUF_inst/O
                         net (fo=1, routed)           0.644     0.894    Clk_IBUF
    BUFGCTRL_X0Y16       BUFG (Prop_bufg_I_O)         0.026     0.920 r  Clk_IBUF_BUFG_inst/O
                         net (fo=6, routed)           0.595     1.514    Seg/clk_5M/Clk
    SLICE_X87Y73         FDRE                                         r  Seg/clk_5M/count_reg[0]/C
  -------------------------------------------------------------------    -------------------
    SLICE_X87Y73         FDRE (Prop_fdre_C_Q)         0.141     1.655 r  Seg/clk_5M/count_reg[0]/Q
                         net (fo=6, routed)           0.119     1.774    Seg/clk_5M/count_reg[0]
    SLICE_X86Y73         LUT5 (Prop_lut5_I1_O)        0.045     1.819 r  Seg/clk_5M/clk_out1_i_1/O
                         net (fo=1, routed)           0.000     1.819    Seg/clk_5M/clk_out1_i_1_n_0
    SLICE_X86Y73         FDRE                                         r  Seg/clk_5M/clk_out1_reg/D
  -------------------------------------------------------------------    -------------------

                         (clock sys_clk_pin rise edge)
                                                      0.000     0.000 r  <hidden>
    E3                                                0.000     0.000 r  Clk
                         net (fo=0)                   0.000     0.000    Clk
    E3                   IBUF (Prop_ibuf_I_O)         0.438     0.438 r  Clk_IBUF_inst/O
                         net (fo=1, routed)           0.699     1.136    Clk_IBUF
    BUFGCTRL_X0Y16       BUFG (Prop_bufg_I_O)         0.029     1.165 r  Clk_IBUF_BUFG_inst/O
                         net (fo=6, routed)           0.864     2.029    Seg/clk_5M/Clk
    SLICE_X86Y73         FDRE                                         r  Seg/clk_5M/clk_out1_reg/C
                         clock pessimism             -0.501     1.527    <hidden>
    SLICE_X86Y73         FDRE (Hold_fdre_C_D)         0.091     1.618    Seg/clk_5M/clk_out1_reg
  -------------------------------------------------------------------
                         required time                         -1.618    <hidden>
                         arrival time                           1.819    <hidden>
  -------------------------------------------------------------------
                         slack                                  0.201    <hidden>

Slack (MET) :             0.257ns  (arrival time - required time)
  Source:                 Seg/clk_5M/count_reg[0]/C
                            (rising edge-triggered cell FDRE clocked by sys_clk_pin  {rise@0.000ns fall@5.000ns period=10.000ns})
  Destination:            Seg/clk_5M/count_reg[3]/D
                            (rising edge-triggered cell FDRE clocked by sys_clk_pin  {rise@0.000ns fall@5.000ns period=10.000ns})
  Path Group:             sys_clk_pin
  Path Type:              Hold (Min at Fast Process Corner)
  Requirement:            0.000ns  (sys_clk_pin rise@0.000ns - sys_clk_pin rise@0.000ns)
  Data Path Delay:        0.364ns  (logic 0.184ns (50.535%)  route 0.180ns (49.465%))
  Logic Levels:           1  (LUT4=1)
  Clock Path Skew:        0.000ns (DCD - SCD - CPR)
    Destination Clock Delay (DCD):    2.029ns
    Source Clock Delay      (SCD):    1.514ns
    Clock Pessimism Removal (CPR):    0.514ns

    Location             Delay type                Incr(ns)  Path(ns)    Netlist Resource(s)
  -------------------------------------------------------------------    -------------------
                         (clock sys_clk_pin rise edge)
                                                      0.000     0.000 r  <hidden>
    E3                                                0.000     0.000 r  Clk
                         net (fo=0)                   0.000     0.000    Clk
    E3                   IBUF (Prop_ibuf_I_O)         0.250     0.250 r  Clk_IBUF_inst/O
                         net (fo=1, routed)           0.644     0.894    Clk_IBUF
    BUFGCTRL_X0Y16       BUFG (Prop_bufg_I_O)         0.026     0.920 r  Clk_IBUF_BUFG_inst/O
                         net (fo=6, routed)           0.595     1.514    Seg/clk_5M/Clk
    SLICE_X87Y73         FDRE                                         r  Seg/clk_5M/count_reg[0]/C
  -------------------------------------------------------------------    -------------------
    SLICE_X87Y73         FDRE (Prop_fdre_C_Q)         0.141     1.655 r  Seg/clk_5M/count_reg[0]/Q
                         net (fo=6, routed)           0.180     1.835    Seg/clk_5M/count_reg[0]
    SLICE_X87Y73         LUT4 (Prop_lut4_I1_O)        0.043     1.878 r  Seg/clk_5M/count[3]_i_2/O
                         net (fo=1, routed)           0.000     1.878    Seg/clk_5M/count[3]_i_2_n_0
    SLICE_X87Y73         FDRE                                         r  Seg/clk_5M/count_reg[3]/D
  -------------------------------------------------------------------    -------------------

                         (clock sys_clk_pin rise edge)
                                                      0.000     0.000 r  <hidden>
    E3                                                0.000     0.000 r  Clk
                         net (fo=0)                   0.000     0.000    Clk
    E3                   IBUF (Prop_ibuf_I_O)         0.438     0.438 r  Clk_IBUF_inst/O
                         net (fo=1, routed)           0.699     1.136    Clk_IBUF
    BUFGCTRL_X0Y16       BUFG (Prop_bufg_I_O)         0.029     1.165 r  Clk_IBUF_BUFG_inst/O
                         net (fo=6, routed)           0.864     2.029    Seg/clk_5M/Clk
    SLICE_X87Y73         FDRE                                         r  Seg/clk_5M/count_reg[3]/C
                         clock pessimism             -0.514     1.514    <hidden>
    SLICE_X87Y73         FDRE (Hold_fdre_C_D)         0.107     1.621    Seg/clk_5M/count_reg[3]
  -------------------------------------------------------------------
                         required time                         -1.621    <hidden>
                         arrival time                           1.878    <hidden>
  -------------------------------------------------------------------
                         slack                                  0.257    <hidden>

Slack (MET) :             0.274ns  (arrival time - required time)
  Source:                 Seg/clk_5M/count_reg[0]/C
                            (rising edge-triggered cell FDRE clocked by sys_clk_pin  {rise@0.000ns fall@5.000ns period=10.000ns})
  Destination:            Seg/clk_5M/count_reg[2]/D
                            (rising edge-triggered cell FDRE clocked by sys_clk_pin  {rise@0.000ns fall@5.000ns period=10.000ns})
  Path Group:             sys_clk_pin
  Path Type:              Hold (Min at Fast Process Corner)
  Requirement:            0.000ns  (sys_clk_pin rise@0.000ns - sys_clk_pin rise@0.000ns)
  Data Path Delay:        0.366ns  (logic 0.186ns (50.805%)  route 0.180ns (49.195%))
  Logic Levels:           1  (LUT3=1)
  Clock Path Skew:        0.000ns (DCD - SCD - CPR)
    Destination Clock Delay (DCD):    2.029ns
    Source Clock Delay      (SCD):    1.514ns
    Clock Pessimism Removal (CPR):    0.514ns

    Location             Delay type                Incr(ns)  Path(ns)    Netlist Resource(s)
  -------------------------------------------------------------------    -------------------
                         (clock sys_clk_pin rise edge)
                                                      0.000     0.000 r  <hidden>
    E3                                                0.000     0.000 r  Clk
                         net (fo=0)                   0.000     0.000    Clk
    E3                   IBUF (Prop_ibuf_I_O)         0.250     0.250 r  Clk_IBUF_inst/O
                         net (fo=1, routed)           0.644     0.894    Clk_IBUF
    BUFGCTRL_X0Y16       BUFG (Prop_bufg_I_O)         0.026     0.920 r  Clk_IBUF_BUFG_inst/O
                         net (fo=6, routed)           0.595     1.514    Seg/clk_5M/Clk
    SLICE_X87Y73         FDRE                                         r  Seg/clk_5M/count_reg[0]/C
  -------------------------------------------------------------------    -------------------
    SLICE_X87Y73         FDRE (Prop_fdre_C_Q)         0.141     1.655 r  Seg/clk_5M/count_reg[0]/Q
                         net (fo=6, routed)           0.180     1.835    Seg/clk_5M/count_reg[0]
    SLICE_X87Y73         LUT3 (Prop_lut3_I0_O)        0.045     1.880 r  Seg/clk_5M/count[2]_i_1/O
                         net (fo=1, routed)           0.000     1.880    Seg/clk_5M/count[2]_i_1_n_0
    SLICE_X87Y73         FDRE                                         r  Seg/clk_5M/count_reg[2]/D
  -------------------------------------------------------------------    -------------------

                         (clock sys_clk_pin rise edge)
                                                      0.000     0.000 r  <hidden>
    E3                                                0.000     0.000 r  Clk
                         net (fo=0)                   0.000     0.000    Clk
    E3                   IBUF (Prop_ibuf_I_O)         0.438     0.438 r  Clk_IBUF_inst/O
                         net (fo=1, routed)           0.699     1.136    Clk_IBUF
    BUFGCTRL_X0Y16       BUFG (Prop_bufg_I_O)         0.029     1.165 r  Clk_IBUF_BUFG_inst/O
                         net (fo=6, routed)           0.864     2.029    Seg/clk_5M/Clk
    SLICE_X87Y73         FDRE                                         r  Seg/clk_5M/count_reg[2]/C
                         clock pessimism             -0.514     1.514    <hidden>
    SLICE_X87Y73         FDRE (Hold_fdre_C_D)         0.092     1.606    Seg/clk_5M/count_reg[2]
  -------------------------------------------------------------------
                         required time                         -1.606    <hidden>
                         arrival time                           1.880    <hidden>
  -------------------------------------------------------------------
                         slack                                  0.274    <hidden>

Slack (MET) :             0.499ns  (arrival time - required time)
  Source:                 Seg/clk_5M/count_reg[1]/C
                            (rising edge-triggered cell FDRE clocked by sys_clk_pin  {rise@0.000ns fall@5.000ns period=10.000ns})
  Destination:            Seg/clk_5M/count_reg[1]/D
                            (rising edge-triggered cell FDRE clocked by sys_clk_pin  {rise@0.000ns fall@5.000ns period=10.000ns})
  Path Group:             sys_clk_pin
  Path Type:              Hold (Min at Fast Process Corner)
  Requirement:            0.000ns  (sys_clk_pin rise@0.000ns - sys_clk_pin rise@0.000ns)
  Data Path Delay:        0.606ns  (logic 0.226ns (37.277%)  route 0.380ns (62.723%))
  Logic Levels:           1  (LUT2=1)
  Clock Path Skew:        0.000ns (DCD - SCD - CPR)
    Destination Clock Delay (DCD):    2.029ns
    Source Clock Delay      (SCD):    1.514ns
    Clock Pessimism Removal (CPR):    0.514ns

    Location             Delay type                Incr(ns)  Path(ns)    Netlist Resource(s)
  -------------------------------------------------------------------    -------------------
                         (clock sys_clk_pin rise edge)
                                                      0.000     0.000 r  <hidden>
    E3                                                0.000     0.000 r  Clk
                         net (fo=0)                   0.000     0.000    Clk
    E3                   IBUF (Prop_ibuf_I_O)         0.250     0.250 r  Clk_IBUF_inst/O
                         net (fo=1, routed)           0.644     0.894    Clk_IBUF
    BUFGCTRL_X0Y16       BUFG (Prop_bufg_I_O)         0.026     0.920 r  Clk_IBUF_BUFG_inst/O
                         net (fo=6, routed)           0.595     1.514    Seg/clk_5M/Clk
    SLICE_X87Y73         FDRE                                         r  Seg/clk_5M/count_reg[1]/C
  -------------------------------------------------------------------    -------------------
    SLICE_X87Y73         FDRE (Prop_fdre_C_Q)         0.128     1.642 r  Seg/clk_5M/count_reg[1]/Q
                         net (fo=5, routed)           0.380     2.023    Seg/clk_5M/count_reg[1]
    SLICE_X87Y73         LUT2 (Prop_lut2_I1_O)        0.098     2.121 r  Seg/clk_5M/count[1]_i_1/O
                         net (fo=1, routed)           0.000     2.121    Seg/clk_5M/count[1]_i_1_n_0
    SLICE_X87Y73         FDRE                                         r  Seg/clk_5M/count_reg[1]/D
  -------------------------------------------------------------------    -------------------

                         (clock sys_clk_pin rise edge)
                                                      0.000     0.000 r  <hidden>
    E3                                                0.000     0.000 r  Clk
                         net (fo=0)                   0.000     0.000    Clk
    E3                   IBUF (Prop_ibuf_I_O)         0.438     0.438 r  Clk_IBUF_inst/O
                         net (fo=1, routed)           0.699     1.136    Clk_IBUF
    BUFGCTRL_X0Y16       BUFG (Prop_bufg_I_O)         0.029     1.165 r  Clk_IBUF_BUFG_inst/O
                         net (fo=6, routed)           0.864     2.029    Seg/clk_5M/Clk
    SLICE_X87Y73         FDRE                                         r  Seg/clk_5M/count_reg[1]/C
                         clock pessimism             -0.514     1.514    <hidden>
    SLICE_X87Y73         FDRE (Hold_fdre_C_D)         0.107     1.621    Seg/clk_5M/count_reg[1]
  -------------------------------------------------------------------
                         required time                         -1.621    <hidden>
                         arrival time                           2.121    <hidden>
  -------------------------------------------------------------------
                         slack                                  0.499    <hidden>

Slack (MET) :             0.542ns  (arrival time - required time)
  Source:                 Seg/clk_5M/count_reg[0]/C
                            (rising edge-triggered cell FDRE clocked by sys_clk_pin  {rise@0.000ns fall@5.000ns period=10.000ns})
  Destination:            Seg/clk_5M/count_reg[0]/D
                            (rising edge-triggered cell FDRE clocked by sys_clk_pin  {rise@0.000ns fall@5.000ns period=10.000ns})
  Path Group:             sys_clk_pin
  Path Type:              Hold (Min at Fast Process Corner)
  Requirement:            0.000ns  (sys_clk_pin rise@0.000ns - sys_clk_pin rise@0.000ns)
  Data Path Delay:        0.633ns  (logic 0.186ns (29.394%)  route 0.447ns (70.606%))
  Logic Levels:           1  (LUT1=1)
  Clock Path Skew:        0.000ns (DCD - SCD - CPR)
    Destination Clock Delay (DCD):    2.029ns
    Source Clock Delay      (SCD):    1.514ns
    Clock Pessimism Removal (CPR):    0.514ns

    Location             Delay type                Incr(ns)  Path(ns)    Netlist Resource(s)
  -------------------------------------------------------------------    -------------------
                         (clock sys_clk_pin rise edge)
                                                      0.000     0.000 r  <hidden>
    E3                                                0.000     0.000 r  Clk
                         net (fo=0)                   0.000     0.000    Clk
    E3                   IBUF (Prop_ibuf_I_O)         0.250     0.250 r  Clk_IBUF_inst/O
                         net (fo=1, routed)           0.644     0.894    Clk_IBUF
    BUFGCTRL_X0Y16       BUFG (Prop_bufg_I_O)         0.026     0.920 r  Clk_IBUF_BUFG_inst/O
                         net (fo=6, routed)           0.595     1.514    Seg/clk_5M/Clk
    SLICE_X87Y73         FDRE                                         r  Seg/clk_5M/count_reg[0]/C
  -------------------------------------------------------------------    -------------------
    SLICE_X87Y73         FDRE (Prop_fdre_C_Q)         0.141     1.655 f  Seg/clk_5M/count_reg[0]/Q
                         net (fo=6, routed)           0.447     2.102    Seg/clk_5M/count_reg[0]
    SLICE_X87Y73         LUT1 (Prop_lut1_I0_O)        0.045     2.147 r  Seg/clk_5M/count[0]_i_1/O
                         net (fo=1, routed)           0.000     2.147    Seg/clk_5M/count[0]_i_1_n_0
    SLICE_X87Y73         FDRE                                         r  Seg/clk_5M/count_reg[0]/D
  -------------------------------------------------------------------    -------------------

                         (clock sys_clk_pin rise edge)
                                                      0.000     0.000 r  <hidden>
    E3                                                0.000     0.000 r  Clk
                         net (fo=0)                   0.000     0.000    Clk
    E3                   IBUF (Prop_ibuf_I_O)         0.438     0.438 r  Clk_IBUF_inst/O
                         net (fo=1, routed)           0.699     1.136    Clk_IBUF
    BUFGCTRL_X0Y16       BUFG (Prop_bufg_I_O)         0.029     1.165 r  Clk_IBUF_BUFG_inst/O
                         net (fo=6, routed)           0.864     2.029    Seg/clk_5M/Clk
    SLICE_X87Y73         FDRE                                         r  Seg/clk_5M/count_reg[0]/C
                         clock pessimism             -0.514     1.514    <hidden>
    SLICE_X87Y73         FDRE (Hold_fdre_C_D)         0.091     1.605    Seg/clk_5M/count_reg[0]
  -------------------------------------------------------------------
                         required time                         -1.605    <hidden>
                         arrival time                           2.147    <hidden>
  -------------------------------------------------------------------
                         slack                                  0.542    <hidden>

Slack (MET) :             0.578ns  (arrival time - required time)
  Source:                 Seg/clk_5M/count_reg[0]/C
                            (rising edge-triggered cell FDRE clocked by sys_clk_pin  {rise@0.000ns fall@5.000ns period=10.000ns})
  Destination:            Seg/clk_5M/count_reg[0]/R
                            (rising edge-triggered cell FDRE clocked by sys_clk_pin  {rise@0.000ns fall@5.000ns period=10.000ns})
  Path Group:             sys_clk_pin
  Path Type:              Hold (Min at Fast Process Corner)
  Requirement:            0.000ns  (sys_clk_pin rise@0.000ns - sys_clk_pin rise@0.000ns)
  Data Path Delay:        0.560ns  (logic 0.186ns (33.236%)  route 0.374ns (66.764%))
  Logic Levels:           1  (LUT4=1)
  Clock Path Skew:        0.000ns (DCD - SCD - CPR)
    Destination Clock Delay (DCD):    2.029ns
    Source Clock Delay      (SCD):    1.514ns
    Clock Pessimism Removal (CPR):    0.514ns

    Location             Delay type                Incr(ns)  Path(ns)    Netlist Resource(s)
  -------------------------------------------------------------------    -------------------
                         (clock sys_clk_pin rise edge)
                                                      0.000     0.000 r  <hidden>
    E3                                                0.000     0.000 r  Clk
                         net (fo=0)                   0.000     0.000    Clk
    E3                   IBUF (Prop_ibuf_I_O)         0.250     0.250 r  Clk_IBUF_inst/O
                         net (fo=1, routed)           0.644     0.894    Clk_IBUF
    BUFGCTRL_X0Y16       BUFG (Prop_bufg_I_O)         0.026     0.920 r  Clk_IBUF_BUFG_inst/O
                         net (fo=6, routed)           0.595     1.514    Seg/clk_5M/Clk
    SLICE_X87Y73         FDRE                                         r  Seg/clk_5M/count_reg[0]/C
  -------------------------------------------------------------------    -------------------
    SLICE_X87Y73         FDRE (Prop_fdre_C_Q)         0.141     1.655 r  Seg/clk_5M/count_reg[0]/Q
                         net (fo=6, routed)           0.143     1.798    Seg/clk_5M/count_reg[0]
    SLICE_X87Y73         LUT4 (Prop_lut4_I2_O)        0.045     1.843 r  Seg/clk_5M/count[3]_i_1/O
                         net (fo=4, routed)           0.231     2.074    Seg/clk_5M/count[3]_i_1_n_0
    SLICE_X87Y73         FDRE                                         r  Seg/clk_5M/count_reg[0]/R
  -------------------------------------------------------------------    -------------------

                         (clock sys_clk_pin rise edge)
                                                      0.000     0.000 r  <hidden>
    E3                                                0.000     0.000 r  Clk
                         net (fo=0)                   0.000     0.000    Clk
    E3                   IBUF (Prop_ibuf_I_O)         0.438     0.438 r  Clk_IBUF_inst/O
                         net (fo=1, routed)           0.699     1.136    Clk_IBUF
    BUFGCTRL_X0Y16       BUFG (Prop_bufg_I_O)         0.029     1.165 r  Clk_IBUF_BUFG_inst/O
                         net (fo=6, routed)           0.864     2.029    Seg/clk_5M/Clk
    SLICE_X87Y73         FDRE                                         r  Seg/clk_5M/count_reg[0]/C
                         clock pessimism             -0.514     1.514    <hidden>
    SLICE_X87Y73         FDRE (Hold_fdre_C_R)        -0.018     1.496    Seg/clk_5M/count_reg[0]
  -------------------------------------------------------------------
                         required time                         -1.496    <hidden>
                         arrival time                           2.074    <hidden>
  -------------------------------------------------------------------
                         slack                                  0.578    <hidden>

Slack (MET) :             0.578ns  (arrival time - required time)
  Source:                 Seg/clk_5M/count_reg[0]/C
                            (rising edge-triggered cell FDRE clocked by sys_clk_pin  {rise@0.000ns fall@5.000ns period=10.000ns})
  Destination:            Seg/clk_5M/count_reg[1]/R
                            (rising edge-triggered cell FDRE clocked by sys_clk_pin  {rise@0.000ns fall@5.000ns period=10.000ns})
  Path Group:             sys_clk_pin
  Path Type:              Hold (Min at Fast Process Corner)
  Requirement:            0.000ns  (sys_clk_pin rise@0.000ns - sys_clk_pin rise@0.000ns)
  Data Path Delay:        0.560ns  (logic 0.186ns (33.236%)  route 0.374ns (66.764%))
  Logic Levels:           1  (LUT4=1)
  Clock Path Skew:        0.000ns (DCD - SCD - CPR)
    Destination Clock Delay (DCD):    2.029ns
    Source Clock Delay      (SCD):    1.514ns
    Clock Pessimism Removal (CPR):    0.514ns

    Location             Delay type                Incr(ns)  Path(ns)    Netlist Resource(s)
  -------------------------------------------------------------------    -------------------
                         (clock sys_clk_pin rise edge)
                                                      0.000     0.000 r  <hidden>
    E3                                                0.000     0.000 r  Clk
                         net (fo=0)                   0.000     0.000    Clk
    E3                   IBUF (Prop_ibuf_I_O)         0.250     0.250 r  Clk_IBUF_inst/O
                         net (fo=1, routed)           0.644     0.894    Clk_IBUF
    BUFGCTRL_X0Y16       BUFG (Prop_bufg_I_O)         0.026     0.920 r  Clk_IBUF_BUFG_inst/O
                         net (fo=6, routed)           0.595     1.514    Seg/clk_5M/Clk
    SLICE_X87Y73         FDRE                                         r  Seg/clk_5M/count_reg[0]/C
  -------------------------------------------------------------------    -------------------
    SLICE_X87Y73         FDRE (Prop_fdre_C_Q)         0.141     1.655 r  Seg/clk_5M/count_reg[0]/Q
                         net (fo=6, routed)           0.143     1.798    Seg/clk_5M/count_reg[0]
    SLICE_X87Y73         LUT4 (Prop_lut4_I2_O)        0.045     1.843 r  Seg/clk_5M/count[3]_i_1/O
                         net (fo=4, routed)           0.231     2.074    Seg/clk_5M/count[3]_i_1_n_0
    SLICE_X87Y73         FDRE                                         r  Seg/clk_5M/count_reg[1]/R
  -------------------------------------------------------------------    -------------------

                         (clock sys_clk_pin rise edge)
                                                      0.000     0.000 r  <hidden>
    E3                                                0.000     0.000 r  Clk
                         net (fo=0)                   0.000     0.000    Clk
    E3                   IBUF (Prop_ibuf_I_O)         0.438     0.438 r  Clk_IBUF_inst/O
                         net (fo=1, routed)           0.699     1.136    Clk_IBUF
    BUFGCTRL_X0Y16       BUFG (Prop_bufg_I_O)         0.029     1.165 r  Clk_IBUF_BUFG_inst/O
                         net (fo=6, routed)           0.864     2.029    Seg/clk_5M/Clk
    SLICE_X87Y73         FDRE                                         r  Seg/clk_5M/count_reg[1]/C
                         clock pessimism             -0.514     1.514    <hidden>
    SLICE_X87Y73         FDRE (Hold_fdre_C_R)        -0.018     1.496    Seg/clk_5M/count_reg[1]
  -------------------------------------------------------------------
                         required time                         -1.496    <hidden>
                         arrival time                           2.074    <hidden>
  -------------------------------------------------------------------
                         slack                                  0.578    <hidden>

Slack (MET) :             0.578ns  (arrival time - required time)
  Source:                 Seg/clk_5M/count_reg[0]/C
                            (rising edge-triggered cell FDRE clocked by sys_clk_pin  {rise@0.000ns fall@5.000ns period=10.000ns})
  Destination:            Seg/clk_5M/count_reg[2]/R
                            (rising edge-triggered cell FDRE clocked by sys_clk_pin  {rise@0.000ns fall@5.000ns period=10.000ns})
  Path Group:             sys_clk_pin
  Path Type:              Hold (Min at Fast Process Corner)
  Requirement:            0.000ns  (sys_clk_pin rise@0.000ns - sys_clk_pin rise@0.000ns)
  Data Path Delay:        0.560ns  (logic 0.186ns (33.236%)  route 0.374ns (66.764%))
  Logic Levels:           1  (LUT4=1)
  Clock Path Skew:        0.000ns (DCD - SCD - CPR)
    Destination Clock Delay (DCD):    2.029ns
    Source Clock Delay      (SCD):    1.514ns
    Clock Pessimism Removal (CPR):    0.514ns

    Location             Delay type                Incr(ns)  Path(ns)    Netlist Resource(s)
  -------------------------------------------------------------------    -------------------
                         (clock sys_clk_pin rise edge)
                                                      0.000     0.000 r  <hidden>
    E3                                                0.000     0.000 r  Clk
                         net (fo=0)                   0.000     0.000    Clk
    E3                   IBUF (Prop_ibuf_I_O)         0.250     0.250 r  Clk_IBUF_inst/O
                         net (fo=1, routed)           0.644     0.894    Clk_IBUF
    BUFGCTRL_X0Y16       BUFG (Prop_bufg_I_O)         0.026     0.920 r  Clk_IBUF_BUFG_inst/O
                         net (fo=6, routed)           0.595     1.514    Seg/clk_5M/Clk
    SLICE_X87Y73         FDRE                                         r  Seg/clk_5M/count_reg[0]/C
  -------------------------------------------------------------------    -------------------
    SLICE_X87Y73         FDRE (Prop_fdre_C_Q)         0.141     1.655 r  Seg/clk_5M/count_reg[0]/Q
                         net (fo=6, routed)           0.143     1.798    Seg/clk_5M/count_reg[0]
    SLICE_X87Y73         LUT4 (Prop_lut4_I2_O)        0.045     1.843 r  Seg/clk_5M/count[3]_i_1/O
                         net (fo=4, routed)           0.231     2.074    Seg/clk_5M/count[3]_i_1_n_0
    SLICE_X87Y73         FDRE                                         r  Seg/clk_5M/count_reg[2]/R
  -------------------------------------------------------------------    -------------------

                         (clock sys_clk_pin rise edge)
                                                      0.000     0.000 r  <hidden>
    E3                                                0.000     0.000 r  Clk
                         net (fo=0)                   0.000     0.000    Clk
    E3                   IBUF (Prop_ibuf_I_O)         0.438     0.438 r  Clk_IBUF_inst/O
                         net (fo=1, routed)           0.699     1.136    Clk_IBUF
    BUFGCTRL_X0Y16       BUFG (Prop_bufg_I_O)         0.029     1.165 r  Clk_IBUF_BUFG_inst/O
                         net (fo=6, routed)           0.864     2.029    Seg/clk_5M/Clk
    SLICE_X87Y73         FDRE                                         r  Seg/clk_5M/count_reg[2]/C
                         clock pessimism             -0.514     1.514    <hidden>
    SLICE_X87Y73         FDRE (Hold_fdre_C_R)        -0.018     1.496    Seg/clk_5M/count_reg[2]
  -------------------------------------------------------------------
                         required time                         -1.496    <hidden>
                         arrival time                           2.074    <hidden>
  -------------------------------------------------------------------
                         slack                                  0.578    <hidden>

Slack (MET) :             0.578ns  (arrival time - required time)
  Source:                 Seg/clk_5M/count_reg[0]/C
                            (rising edge-triggered cell FDRE clocked by sys_clk_pin  {rise@0.000ns fall@5.000ns period=10.000ns})
  Destination:            Seg/clk_5M/count_reg[3]/R
                            (rising edge-triggered cell FDRE clocked by sys_clk_pin  {rise@0.000ns fall@5.000ns period=10.000ns})
  Path Group:             sys_clk_pin
  Path Type:              Hold (Min at Fast Process Corner)
  Requirement:            0.000ns  (sys_clk_pin rise@0.000ns - sys_clk_pin rise@0.000ns)
  Data Path Delay:        0.560ns  (logic 0.186ns (33.236%)  route 0.374ns (66.764%))
  Logic Levels:           1  (LUT4=1)
  Clock Path Skew:        0.000ns (DCD - SCD - CPR)
    Destination Clock Delay (DCD):    2.029ns
    Source Clock Delay      (SCD):    1.514ns
    Clock Pessimism Removal (CPR):    0.514ns

    Location             Delay type                Incr(ns)  Path(ns)    Netlist Resource(s)
  -------------------------------------------------------------------    -------------------
                         (clock sys_clk_pin rise edge)
                                                      0.000     0.000 r  <hidden>
    E3                                                0.000     0.000 r  Clk
                         net (fo=0)                   0.000     0.000    Clk
    E3                   IBUF (Prop_ibuf_I_O)         0.250     0.250 r  Clk_IBUF_inst/O
                         net (fo=1, routed)           0.644     0.894    Clk_IBUF
    BUFGCTRL_X0Y16       BUFG (Prop_bufg_I_O)         0.026     0.920 r  Clk_IBUF_BUFG_inst/O
                         net (fo=6, routed)           0.595     1.514    Seg/clk_5M/Clk
    SLICE_X87Y73         FDRE                                         r  Seg/clk_5M/count_reg[0]/C
  -------------------------------------------------------------------    -------------------
    SLICE_X87Y73         FDRE (Prop_fdre_C_Q)         0.141     1.655 r  Seg/clk_5M/count_reg[0]/Q
                         net (fo=6, routed)           0.143     1.798    Seg/clk_5M/count_reg[0]
    SLICE_X87Y73         LUT4 (Prop_lut4_I2_O)        0.045     1.843 r  Seg/clk_5M/count[3]_i_1/O
                         net (fo=4, routed)           0.231     2.074    Seg/clk_5M/count[3]_i_1_n_0
    SLICE_X87Y73         FDRE                                         r  Seg/clk_5M/count_reg[3]/R
  -------------------------------------------------------------------    -------------------

                         (clock sys_clk_pin rise edge)
                                                      0.000     0.000 r  <hidden>
    E3                                                0.000     0.000 r  Clk
                         net (fo=0)                   0.000     0.000    Clk
    E3                   IBUF (Prop_ibuf_I_O)         0.438     0.438 r  Clk_IBUF_inst/O
                         net (fo=1, routed)           0.699     1.136    Clk_IBUF
    BUFGCTRL_X0Y16       BUFG (Prop_bufg_I_O)         0.029     1.165 r  Clk_IBUF_BUFG_inst/O
                         net (fo=6, routed)           0.864     2.029    Seg/clk_5M/Clk
    SLICE_X87Y73         FDRE                                         r  Seg/clk_5M/count_reg[3]/C
                         clock pessimism             -0.514     1.514    <hidden>
    SLICE_X87Y73         FDRE (Hold_fdre_C_R)        -0.018     1.496    Seg/clk_5M/count_reg[3]
  -------------------------------------------------------------------
                         required time                         -1.496    <hidden>
                         arrival time                           2.074    <hidden>
  -------------------------------------------------------------------
                         slack                                  0.578    <hidden>





Pulse Width Checks
--------------------------------------------------------------------------------------
Clock Name:         sys_clk_pin
Waveform(ns):       { 0.000 5.000 }
Period(ns):         10.000
Sources:            { Clk }

Check Type        Corner  Lib Pin  Reference Pin  Required(ns)  Actual(ns)  Slack(ns)  Location        Pin
Min Period        n/a     BUFG/I   n/a            2.155         10.000      7.845      BUFGCTRL_X0Y16  Clk_IBUF_BUFG_inst/I
Min Period        n/a     FDRE/C   n/a            1.000         10.000      9.000      SLICE_X89Y69    sign_reg/C
Min Period        n/a     FDRE/C   n/a            1.000         10.000      9.000      SLICE_X86Y73    Seg/clk_5M/clk_out1_reg/C
Min Period        n/a     FDRE/C   n/a            1.000         10.000      9.000      SLICE_X87Y73    Seg/clk_5M/count_reg[0]/C
Min Period        n/a     FDRE/C   n/a            1.000         10.000      9.000      SLICE_X87Y73    Seg/clk_5M/count_reg[1]/C
Min Period        n/a     FDRE/C   n/a            1.000         10.000      9.000      SLICE_X87Y73    Seg/clk_5M/count_reg[2]/C
Min Period        n/a     FDRE/C   n/a            1.000         10.000      9.000      SLICE_X87Y73    Seg/clk_5M/count_reg[3]/C
Low Pulse Width   Slow    FDRE/C   n/a            0.500         5.000       4.500      SLICE_X89Y69    sign_reg/C
Low Pulse Width   Fast    FDRE/C   n/a            0.500         5.000       4.500      SLICE_X89Y69    sign_reg/C
Low Pulse Width   Slow    FDRE/C   n/a            0.500         5.000       4.500      SLICE_X86Y73    Seg/clk_5M/clk_out1_reg/C
Low Pulse Width   Fast    FDRE/C   n/a            0.500         5.000       4.500      SLICE_X86Y73    Seg/clk_5M/clk_out1_reg/C
Low Pulse Width   Slow    FDRE/C   n/a            0.500         5.000       4.500      SLICE_X87Y73    Seg/clk_5M/count_reg[0]/C
Low Pulse Width   Fast    FDRE/C   n/a            0.500         5.000       4.500      SLICE_X87Y73    Seg/clk_5M/count_reg[0]/C
Low Pulse Width   Slow    FDRE/C   n/a            0.500         5.000       4.500      SLICE_X87Y73    Seg/clk_5M/count_reg[1]/C
Low Pulse Width   Fast    FDRE/C   n/a            0.500         5.000       4.500      SLICE_X87Y73    Seg/clk_5M/count_reg[1]/C
Low Pulse Width   Slow    FDRE/C   n/a            0.500         5.000       4.500      SLICE_X87Y73    Seg/clk_5M/count_reg[2]/C
Low Pulse Width   Fast    FDRE/C   n/a            0.500         5.000       4.500      SLICE_X87Y73    Seg/clk_5M/count_reg[2]/C
High Pulse Width  Slow    FDRE/C   n/a            0.500         5.000       4.500      SLICE_X89Y69    sign_reg/C
High Pulse Width  Fast    FDRE/C   n/a            0.500         5.000       4.500      SLICE_X89Y69    sign_reg/C
High Pulse Width  Slow    FDRE/C   n/a            0.500         5.000       4.500      SLICE_X86Y73    Seg/clk_5M/clk_out1_reg/C
High Pulse Width  Fast    FDRE/C   n/a            0.500         5.000       4.500      SLICE_X86Y73    Seg/clk_5M/clk_out1_reg/C
High Pulse Width  Slow    FDRE/C   n/a            0.500         5.000       4.500      SLICE_X87Y73    Seg/clk_5M/count_reg[0]/C
High Pulse Width  Fast    FDRE/C   n/a            0.500         5.000       4.500      SLICE_X87Y73    Seg/clk_5M/count_reg[0]/C
High Pulse Width  Slow    FDRE/C   n/a            0.500         5.000       4.500      SLICE_X87Y73    Seg/clk_5M/count_reg[1]/C
High Pulse Width  Fast    FDRE/C   n/a            0.500         5.000       4.500      SLICE_X87Y73    Seg/clk_5M/count_reg[1]/C
High Pulse Width  Slow    FDRE/C   n/a            0.500         5.000       4.500      SLICE_X87Y73    Seg/clk_5M/count_reg[2]/C
High Pulse Width  Fast    FDRE/C   n/a            0.500         5.000       4.500      SLICE_X87Y73    Seg/clk_5M/count_reg[2]/C



--------------------------------------------------------------------------------------
Path Group:  (none)
From Clock:  
  To Clock:  

Max Delay            48 Endpoints
Min Delay            48 Endpoints
--------------------------------------------------------------------------------------


Max Delay Paths
--------------------------------------------------------------------------------------
Slack:                    inf
  Source:                 B[1]
                            (input port)
  Destination:            sev_seg_leds[2]
                            (output port)
  Path Group:             (none)
  Path Type:              Max at Slow Process Corner
  Data Path Delay:        11.562ns  (logic 5.617ns (48.581%)  route 5.945ns (51.419%))
  Logic Levels:           5  (IBUF=1 LUT5=1 LUT6=2 OBUF=1)

    Location             Delay type                Incr(ns)  Path(ns)    Netlist Resource(s)
  -------------------------------------------------------------------    -------------------
    U8                                                0.000     0.000 r  B[1]
                         net (fo=0)                   0.000     0.000    B[1]
    U8                   IBUF (Prop_ibuf_I_O)         1.482     1.482 r  B_IBUF[1]_inst/O
                         net (fo=2, routed)           2.173     3.655    Seg/display_driver/B_IBUF[1]
    SLICE_X89Y69         LUT5 (Prop_lut5_I3_O)        0.152     3.807 r  Seg/display_driver/OF_OBUF_inst_i_2/O
                         net (fo=4, routed)           0.447     4.254    Seg/display_driver/Two_Three
    SLICE_X89Y70         LUT6 (Prop_lut6_I1_O)        0.326     4.580 r  Seg/display_driver/sev_seg_leds_OBUF[7]_inst_i_2/O
                         net (fo=7, routed)           0.844     5.423    Seg/display_driver/sev_seg_leds_OBUF[7]_inst_i_2_n_0
    SLICE_X89Y71         LUT6 (Prop_lut6_I0_O)        0.124     5.547 r  Seg/display_driver/sev_seg_leds_OBUF[2]_inst_i_1/O
                         net (fo=1, routed)           2.482     8.029    sev_seg_leds_OBUF[2]
    N1                   OBUF (Prop_obuf_I_O)         3.533    11.562 r  sev_seg_leds_OBUF[2]_inst/O
                         net (fo=0)                   0.000    11.562    sev_seg_leds[2]
    N1                                                                r  sev_seg_leds[2]
  -------------------------------------------------------------------    -------------------

Slack:                    inf
  Source:                 B[1]
                            (input port)
  Destination:            sev_seg_leds[1]
                            (output port)
  Path Group:             (none)
  Path Type:              Max at Slow Process Corner
  Data Path Delay:        11.547ns  (logic 5.606ns (48.550%)  route 5.941ns (51.450%))
  Logic Levels:           5  (IBUF=1 LUT5=1 LUT6=2 OBUF=1)

    Location             Delay type                Incr(ns)  Path(ns)    Netlist Resource(s)
  -------------------------------------------------------------------    -------------------
    U8                                                0.000     0.000 r  B[1]
                         net (fo=0)                   0.000     0.000    B[1]
    U8                   IBUF (Prop_ibuf_I_O)         1.482     1.482 r  B_IBUF[1]_inst/O
                         net (fo=2, routed)           2.173     3.655    Seg/display_driver/B_IBUF[1]
    SLICE_X89Y69         LUT5 (Prop_lut5_I3_O)        0.152     3.807 r  Seg/display_driver/OF_OBUF_inst_i_2/O
                         net (fo=4, routed)           0.447     4.254    Seg/display_driver/Two_Three
    SLICE_X89Y70         LUT6 (Prop_lut6_I1_O)        0.326     4.580 r  Seg/display_driver/sev_seg_leds_OBUF[7]_inst_i_2/O
                         net (fo=7, routed)           0.845     5.424    Seg/display_driver/sev_seg_leds_OBUF[7]_inst_i_2_n_0
    SLICE_X89Y71         LUT6 (Prop_lut6_I0_O)        0.124     5.548 r  Seg/display_driver/sev_seg_leds_OBUF[1]_inst_i_1/O
                         net (fo=1, routed)           2.477     8.025    sev_seg_leds_OBUF[1]
    L3                   OBUF (Prop_obuf_I_O)         3.522    11.547 r  sev_seg_leds_OBUF[1]_inst/O
                         net (fo=0)                   0.000    11.547    sev_seg_leds[1]
    L3                                                                r  sev_seg_leds[1]
  -------------------------------------------------------------------    -------------------

Slack:                    inf
  Source:                 B[1]
                            (input port)
  Destination:            sev_seg_leds[5]
                            (output port)
  Path Group:             (none)
  Path Type:              Max at Slow Process Corner
  Data Path Delay:        11.481ns  (logic 5.607ns (48.837%)  route 5.874ns (51.163%))
  Logic Levels:           5  (IBUF=1 LUT5=1 LUT6=2 OBUF=1)

    Location             Delay type                Incr(ns)  Path(ns)    Netlist Resource(s)
  -------------------------------------------------------------------    -------------------
    U8                                                0.000     0.000 r  B[1]
                         net (fo=0)                   0.000     0.000    B[1]
    U8                   IBUF (Prop_ibuf_I_O)         1.482     1.482 r  B_IBUF[1]_inst/O
                         net (fo=2, routed)           2.173     3.655    Seg/display_driver/B_IBUF[1]
    SLICE_X89Y69         LUT5 (Prop_lut5_I3_O)        0.152     3.807 r  Seg/display_driver/OF_OBUF_inst_i_2/O
                         net (fo=4, routed)           0.447     4.254    Seg/display_driver/Two_Three
    SLICE_X89Y70         LUT6 (Prop_lut6_I1_O)        0.326     4.580 f  Seg/display_driver/sev_seg_leds_OBUF[7]_inst_i_2/O
                         net (fo=7, routed)           0.879     5.459    Seg/display_driver/sev_seg_leds_OBUF[7]_inst_i_2_n_0
    SLICE_X89Y71         LUT6 (Prop_lut6_I0_O)        0.124     5.583 r  Seg/display_driver/sev_seg_leds_OBUF[5]_inst_i_1/O
                         net (fo=1, routed)           2.375     7.958    sev_seg_leds_OBUF[5]
    K3                   OBUF (Prop_obuf_I_O)         3.523    11.481 r  sev_seg_leds_OBUF[5]_inst/O
                         net (fo=0)                   0.000    11.481    sev_seg_leds[5]
    K3                                                                r  sev_seg_leds[5]
  -------------------------------------------------------------------    -------------------

Slack:                    inf
  Source:                 B[1]
                            (input port)
  Destination:            sev_seg_leds[4]
                            (output port)
  Path Group:             (none)
  Path Type:              Max at Slow Process Corner
  Data Path Delay:        11.302ns  (logic 5.608ns (49.618%)  route 5.694ns (50.382%))
  Logic Levels:           5  (IBUF=1 LUT5=1 LUT6=2 OBUF=1)

    Location             Delay type                Incr(ns)  Path(ns)    Netlist Resource(s)
  -------------------------------------------------------------------    -------------------
    U8                                                0.000     0.000 r  B[1]
                         net (fo=0)                   0.000     0.000    B[1]
    U8                   IBUF (Prop_ibuf_I_O)         1.482     1.482 r  B_IBUF[1]_inst/O
                         net (fo=2, routed)           2.173     3.655    Seg/display_driver/B_IBUF[1]
    SLICE_X89Y69         LUT5 (Prop_lut5_I3_O)        0.152     3.807 r  Seg/display_driver/OF_OBUF_inst_i_2/O
                         net (fo=4, routed)           0.331     4.138    Seg/display_driver/Two_Three
    SLICE_X89Y70         LUT6 (Prop_lut6_I1_O)        0.326     4.464 r  Seg/display_driver/sev_seg_leds_OBUF[7]_inst_i_6/O
                         net (fo=7, routed)           0.858     5.321    Seg/display_driver/sev_seg_leds_OBUF[7]_inst_i_6_n_0
    SLICE_X88Y71         LUT6 (Prop_lut6_I3_O)        0.124     5.445 r  Seg/display_driver/sev_seg_leds_OBUF[4]_inst_i_1/O
                         net (fo=1, routed)           2.333     7.778    sev_seg_leds_OBUF[4]
    L4                   OBUF (Prop_obuf_I_O)         3.524    11.302 r  sev_seg_leds_OBUF[4]_inst/O
                         net (fo=0)                   0.000    11.302    sev_seg_leds[4]
    L4                                                                r  sev_seg_leds[4]
  -------------------------------------------------------------------    -------------------

Slack:                    inf
  Source:                 B[1]
                            (input port)
  Destination:            sev_seg_leds[6]
                            (output port)
  Path Group:             (none)
  Path Type:              Max at Slow Process Corner
  Data Path Delay:        11.253ns  (logic 5.616ns (49.902%)  route 5.638ns (50.098%))
  Logic Levels:           5  (IBUF=1 LUT5=1 LUT6=2 OBUF=1)

    Location             Delay type                Incr(ns)  Path(ns)    Netlist Resource(s)
  -------------------------------------------------------------------    -------------------
    U8                                                0.000     0.000 r  B[1]
                         net (fo=0)                   0.000     0.000    B[1]
    U8                   IBUF (Prop_ibuf_I_O)         1.482     1.482 r  B_IBUF[1]_inst/O
                         net (fo=2, routed)           2.173     3.655    Seg/display_driver/B_IBUF[1]
    SLICE_X89Y69         LUT5 (Prop_lut5_I3_O)        0.152     3.807 r  Seg/display_driver/OF_OBUF_inst_i_2/O
                         net (fo=4, routed)           0.331     4.138    Seg/display_driver/Two_Three
    SLICE_X89Y70         LUT6 (Prop_lut6_I1_O)        0.326     4.464 r  Seg/display_driver/sev_seg_leds_OBUF[7]_inst_i_6/O
                         net (fo=7, routed)           0.850     5.313    Seg/display_driver/sev_seg_leds_OBUF[7]_inst_i_6_n_0
    SLICE_X88Y71         LUT6 (Prop_lut6_I3_O)        0.124     5.437 r  Seg/display_driver/sev_seg_leds_OBUF[6]_inst_i_1/O
                         net (fo=1, routed)           2.284     7.722    sev_seg_leds_OBUF[6]
    M2                   OBUF (Prop_obuf_I_O)         3.532    11.253 r  sev_seg_leds_OBUF[6]_inst/O
                         net (fo=0)                   0.000    11.253    sev_seg_leds[6]
    M2                                                                r  sev_seg_leds[6]
  -------------------------------------------------------------------    -------------------

Slack:                    inf
  Source:                 B[1]
                            (input port)
  Destination:            sev_seg_leds[7]
                            (output port)
  Path Group:             (none)
  Path Type:              Max at Slow Process Corner
  Data Path Delay:        11.181ns  (logic 5.607ns (50.145%)  route 5.574ns (49.855%))
  Logic Levels:           5  (IBUF=1 LUT5=1 LUT6=2 OBUF=1)

    Location             Delay type                Incr(ns)  Path(ns)    Netlist Resource(s)
  -------------------------------------------------------------------    -------------------
    U8                                                0.000     0.000 r  B[1]
                         net (fo=0)                   0.000     0.000    B[1]
    U8                   IBUF (Prop_ibuf_I_O)         1.482     1.482 r  B_IBUF[1]_inst/O
                         net (fo=2, routed)           2.173     3.655    Seg/display_driver/B_IBUF[1]
    SLICE_X89Y69         LUT5 (Prop_lut5_I3_O)        0.152     3.807 r  Seg/display_driver/OF_OBUF_inst_i_2/O
                         net (fo=4, routed)           0.447     4.254    Seg/display_driver/Two_Three
    SLICE_X89Y70         LUT6 (Prop_lut6_I1_O)        0.326     4.580 r  Seg/display_driver/sev_seg_leds_OBUF[7]_inst_i_2/O
                         net (fo=7, routed)           0.673     5.252    Seg/display_driver/sev_seg_leds_OBUF[7]_inst_i_2_n_0
    SLICE_X88Y70         LUT6 (Prop_lut6_I0_O)        0.124     5.376 r  Seg/display_driver/sev_seg_leds_OBUF[7]_inst_i_1/O
                         net (fo=1, routed)           2.282     7.658    sev_seg_leds_OBUF[7]
    L6                   OBUF (Prop_obuf_I_O)         3.523    11.181 r  sev_seg_leds_OBUF[7]_inst/O
                         net (fo=0)                   0.000    11.181    sev_seg_leds[7]
    L6                                                                r  sev_seg_leds[7]
  -------------------------------------------------------------------    -------------------

Slack:                    inf
  Source:                 B[1]
                            (input port)
  Destination:            sev_seg_leds[3]
                            (output port)
  Path Group:             (none)
  Path Type:              Max at Slow Process Corner
  Data Path Delay:        11.180ns  (logic 5.594ns (50.037%)  route 5.586ns (49.963%))
  Logic Levels:           5  (IBUF=1 LUT5=1 LUT6=2 OBUF=1)

    Location             Delay type                Incr(ns)  Path(ns)    Netlist Resource(s)
  -------------------------------------------------------------------    -------------------
    U8                                                0.000     0.000 r  B[1]
                         net (fo=0)                   0.000     0.000    B[1]
    U8                   IBUF (Prop_ibuf_I_O)         1.482     1.482 r  B_IBUF[1]_inst/O
                         net (fo=2, routed)           2.173     3.655    Seg/display_driver/B_IBUF[1]
    SLICE_X89Y69         LUT5 (Prop_lut5_I3_O)        0.152     3.807 r  Seg/display_driver/OF_OBUF_inst_i_2/O
                         net (fo=4, routed)           0.447     4.254    Seg/display_driver/Two_Three
    SLICE_X89Y70         LUT6 (Prop_lut6_I1_O)        0.326     4.580 r  Seg/display_driver/sev_seg_leds_OBUF[7]_inst_i_2/O
                         net (fo=7, routed)           0.814     5.394    Seg/display_driver/sev_seg_leds_OBUF[7]_inst_i_2_n_0
    SLICE_X89Y71         LUT6 (Prop_lut6_I0_O)        0.124     5.518 r  Seg/display_driver/sev_seg_leds_OBUF[3]_inst_i_1/O
                         net (fo=1, routed)           2.152     7.670    sev_seg_leds_OBUF[3]
    L5                   OBUF (Prop_obuf_I_O)         3.510    11.180 r  sev_seg_leds_OBUF[3]_inst/O
                         net (fo=0)                   0.000    11.180    sev_seg_leds[3]
    L5                                                                r  sev_seg_leds[3]
  -------------------------------------------------------------------    -------------------

Slack:                    inf
  Source:                 B[1]
                            (input port)
  Destination:            OF
                            (output port)
  Path Group:             (none)
  Path Type:              Max at Slow Process Corner
  Data Path Delay:        10.423ns  (logic 5.512ns (52.879%)  route 4.912ns (47.121%))
  Logic Levels:           4  (IBUF=1 LUT5=1 LUT6=1 OBUF=1)

    Location             Delay type                Incr(ns)  Path(ns)    Netlist Resource(s)
  -------------------------------------------------------------------    -------------------
    U8                                                0.000     0.000 r  B[1]
                         net (fo=0)                   0.000     0.000    B[1]
    U8                   IBUF (Prop_ibuf_I_O)         1.482     1.482 r  B_IBUF[1]_inst/O
                         net (fo=2, routed)           2.173     3.655    Seg/display_driver/B_IBUF[1]
    SLICE_X89Y69         LUT5 (Prop_lut5_I3_O)        0.152     3.807 r  Seg/display_driver/OF_OBUF_inst_i_2/O
                         net (fo=4, routed)           0.464     4.270    AS/Two_Three
    SLICE_X89Y69         LUT6 (Prop_lut6_I5_O)        0.326     4.596 r  OF_OBUF_inst_i_1/O
                         net (fo=1, routed)           2.275     6.872    OF_OBUF
    T8                   OBUF (Prop_obuf_I_O)         3.552    10.423 r  OF_OBUF_inst/O
                         net (fo=0)                   0.000    10.423    OF
    T8                                                                r  OF
  -------------------------------------------------------------------    -------------------

Slack:                    inf
  Source:                 Seg/display_driver/led_enable_reg[1]/C
                            (rising edge-triggered cell FDPE)
  Destination:            led_enable[1]
                            (output port)
  Path Group:             (none)
  Path Type:              Max at Slow Process Corner
  Data Path Delay:        6.615ns  (logic 4.176ns (63.134%)  route 2.439ns (36.866%))
  Logic Levels:           2  (FDPE=1 OBUF=1)

    Location             Delay type                Incr(ns)  Path(ns)    Netlist Resource(s)
  -------------------------------------------------------------------    -------------------
    SLICE_X88Y72         FDPE                         0.000     0.000 r  Seg/display_driver/led_enable_reg[1]/C
    SLICE_X88Y72         FDPE (Prop_fdpe_C_Q)         0.478     0.478 r  Seg/display_driver/led_enable_reg[1]/Q
                         net (fo=1, routed)           2.439     2.917    led_enable_OBUF[1]
    M3                   OBUF (Prop_obuf_I_O)         3.698     6.615 r  led_enable_OBUF[1]_inst/O
                         net (fo=0)                   0.000     6.615    led_enable[1]
    M3                                                                r  led_enable[1]
  -------------------------------------------------------------------    -------------------

Slack:                    inf
  Source:                 Seg/display_driver/led_enable_reg[0]/C
                            (rising edge-triggered cell FDPE)
  Destination:            led_enable[0]
                            (output port)
  Path Group:             (none)
  Path Type:              Max at Slow Process Corner
  Data Path Delay:        5.957ns  (logic 4.049ns (67.975%)  route 1.908ns (32.025%))
  Logic Levels:           2  (FDPE=1 OBUF=1)

    Location             Delay type                Incr(ns)  Path(ns)    Netlist Resource(s)
  -------------------------------------------------------------------    -------------------
    SLICE_X88Y72         FDPE                         0.000     0.000 r  Seg/display_driver/led_enable_reg[0]/C
    SLICE_X88Y72         FDPE (Prop_fdpe_C_Q)         0.518     0.518 r  Seg/display_driver/led_enable_reg[0]/Q
                         net (fo=1, routed)           1.908     2.426    led_enable_OBUF[0]
    M6                   OBUF (Prop_obuf_I_O)         3.531     5.957 r  led_enable_OBUF[0]_inst/O
                         net (fo=0)                   0.000     5.957    led_enable[0]
    M6                                                                r  led_enable[0]
  -------------------------------------------------------------------    -------------------





Min Delay Paths
--------------------------------------------------------------------------------------
Slack:                    inf
  Source:                 Seg/clk_div_reg[10]/C
                            (rising edge-triggered cell FDRE)
  Destination:            Seg/clk_div_reg[10]/D
  Path Group:             (none)
  Path Type:              Min at Fast Process Corner
  Data Path Delay:        0.373ns  (logic 0.252ns (67.478%)  route 0.121ns (32.522%))
  Logic Levels:           2  (CARRY4=1 FDRE=1)

    Location             Delay type                Incr(ns)  Path(ns)    Netlist Resource(s)
  -------------------------------------------------------------------    -------------------
    SLICE_X86Y76         FDRE                         0.000     0.000 r  Seg/clk_div_reg[10]/C
    SLICE_X86Y76         FDRE (Prop_fdre_C_Q)         0.141     0.141 r  Seg/clk_div_reg[10]/Q
                         net (fo=1, routed)           0.121     0.262    Seg/clk_div_reg_n_0_[10]
    SLICE_X86Y76         CARRY4 (Prop_carry4_S[2]_O[2])
                                                      0.111     0.373 r  Seg/clk_div_reg[8]_i_1/O[2]
                         net (fo=1, routed)           0.000     0.373    Seg/clk_div_reg[8]_i_1_n_5
    SLICE_X86Y76         FDRE                                         r  Seg/clk_div_reg[10]/D
  -------------------------------------------------------------------    -------------------

Slack:                    inf
  Source:                 Seg/clk_div_reg[2]/C
                            (rising edge-triggered cell FDRE)
  Destination:            Seg/clk_div_reg[2]/D
  Path Group:             (none)
  Path Type:              Min at Fast Process Corner
  Data Path Delay:        0.373ns  (logic 0.252ns (67.478%)  route 0.121ns (32.522%))
  Logic Levels:           2  (CARRY4=1 FDRE=1)

    Location             Delay type                Incr(ns)  Path(ns)    Netlist Resource(s)
  -------------------------------------------------------------------    -------------------
    SLICE_X86Y74         FDRE                         0.000     0.000 r  Seg/clk_div_reg[2]/C
    SLICE_X86Y74         FDRE (Prop_fdre_C_Q)         0.141     0.141 r  Seg/clk_div_reg[2]/Q
                         net (fo=1, routed)           0.121     0.262    Seg/clk_div_reg_n_0_[2]
    SLICE_X86Y74         CARRY4 (Prop_carry4_S[2]_O[2])
                                                      0.111     0.373 r  Seg/clk_div_reg[0]_i_1/O[2]
                         net (fo=1, routed)           0.000     0.373    Seg/clk_div_reg[0]_i_1_n_5
    SLICE_X86Y74         FDRE                                         r  Seg/clk_div_reg[2]/D
  -------------------------------------------------------------------    -------------------

Slack:                    inf
  Source:                 Seg/clk_div_reg[6]/C
                            (rising edge-triggered cell FDRE)
  Destination:            Seg/clk_div_reg[6]/D
  Path Group:             (none)
  Path Type:              Min at Fast Process Corner
  Data Path Delay:        0.373ns  (logic 0.252ns (67.478%)  route 0.121ns (32.522%))
  Logic Levels:           2  (CARRY4=1 FDRE=1)

    Location             Delay type                Incr(ns)  Path(ns)    Netlist Resource(s)
  -------------------------------------------------------------------    -------------------
    SLICE_X86Y75         FDRE                         0.000     0.000 r  Seg/clk_div_reg[6]/C
    SLICE_X86Y75         FDRE (Prop_fdre_C_Q)         0.141     0.141 r  Seg/clk_div_reg[6]/Q
                         net (fo=1, routed)           0.121     0.262    Seg/clk_div_reg_n_0_[6]
    SLICE_X86Y75         CARRY4 (Prop_carry4_S[2]_O[2])
                                                      0.111     0.373 r  Seg/clk_div_reg[4]_i_1/O[2]
                         net (fo=1, routed)           0.000     0.373    Seg/clk_div_reg[4]_i_1_n_5
    SLICE_X86Y75         FDRE                                         r  Seg/clk_div_reg[6]/D
  -------------------------------------------------------------------    -------------------

Slack:                    inf
  Source:                 Seg/clk_div_reg[14]/C
                            (rising edge-triggered cell FDRE)
  Destination:            Seg/clk_div_reg[14]/D
  Path Group:             (none)
  Path Type:              Min at Fast Process Corner
  Data Path Delay:        0.386ns  (logic 0.252ns (65.343%)  route 0.134ns (34.657%))
  Logic Levels:           2  (CARRY4=1 FDRE=1)

    Location             Delay type                Incr(ns)  Path(ns)    Netlist Resource(s)
  -------------------------------------------------------------------    -------------------
    SLICE_X86Y77         FDRE                         0.000     0.000 r  Seg/clk_div_reg[14]/C
    SLICE_X86Y77         FDRE (Prop_fdre_C_Q)         0.141     0.141 r  Seg/clk_div_reg[14]/Q
                         net (fo=5, routed)           0.134     0.275    Seg/clk
    SLICE_X86Y77         CARRY4 (Prop_carry4_S[2]_O[2])
                                                      0.111     0.386 r  Seg/clk_div_reg[12]_i_1/O[2]
                         net (fo=1, routed)           0.000     0.386    Seg/clk_div_reg[12]_i_1_n_5
    SLICE_X86Y77         FDRE                                         r  Seg/clk_div_reg[14]/D
  -------------------------------------------------------------------    -------------------

Slack:                    inf
  Source:                 Seg/clk_div_reg[10]/C
                            (rising edge-triggered cell FDRE)
  Destination:            Seg/clk_div_reg[11]/D
  Path Group:             (none)
  Path Type:              Min at Fast Process Corner
  Data Path Delay:        0.406ns  (logic 0.285ns (70.118%)  route 0.121ns (29.882%))
  Logic Levels:           2  (CARRY4=1 FDRE=1)

    Location             Delay type                Incr(ns)  Path(ns)    Netlist Resource(s)
  -------------------------------------------------------------------    -------------------
    SLICE_X86Y76         FDRE                         0.000     0.000 r  Seg/clk_div_reg[10]/C
    SLICE_X86Y76         FDRE (Prop_fdre_C_Q)         0.141     0.141 r  Seg/clk_div_reg[10]/Q
                         net (fo=1, routed)           0.121     0.262    Seg/clk_div_reg_n_0_[10]
    SLICE_X86Y76         CARRY4 (Prop_carry4_S[2]_O[3])
                                                      0.144     0.406 r  Seg/clk_div_reg[8]_i_1/O[3]
                         net (fo=1, routed)           0.000     0.406    Seg/clk_div_reg[8]_i_1_n_4
    SLICE_X86Y76         FDRE                                         r  Seg/clk_div_reg[11]/D
  -------------------------------------------------------------------    -------------------

Slack:                    inf
  Source:                 Seg/clk_div_reg[2]/C
                            (rising edge-triggered cell FDRE)
  Destination:            Seg/clk_div_reg[3]/D
  Path Group:             (none)
  Path Type:              Min at Fast Process Corner
  Data Path Delay:        0.406ns  (logic 0.285ns (70.118%)  route 0.121ns (29.882%))
  Logic Levels:           2  (CARRY4=1 FDRE=1)

    Location             Delay type                Incr(ns)  Path(ns)    Netlist Resource(s)
  -------------------------------------------------------------------    -------------------
    SLICE_X86Y74         FDRE                         0.000     0.000 r  Seg/clk_div_reg[2]/C
    SLICE_X86Y74         FDRE (Prop_fdre_C_Q)         0.141     0.141 r  Seg/clk_div_reg[2]/Q
                         net (fo=1, routed)           0.121     0.262    Seg/clk_div_reg_n_0_[2]
    SLICE_X86Y74         CARRY4 (Prop_carry4_S[2]_O[3])
                                                      0.144     0.406 r  Seg/clk_div_reg[0]_i_1/O[3]
                         net (fo=1, routed)           0.000     0.406    Seg/clk_div_reg[0]_i_1_n_4
    SLICE_X86Y74         FDRE                                         r  Seg/clk_div_reg[3]/D
  -------------------------------------------------------------------    -------------------

Slack:                    inf
  Source:                 Seg/clk_div_reg[6]/C
                            (rising edge-triggered cell FDRE)
  Destination:            Seg/clk_div_reg[7]/D
  Path Group:             (none)
  Path Type:              Min at Fast Process Corner
  Data Path Delay:        0.406ns  (logic 0.285ns (70.118%)  route 0.121ns (29.882%))
  Logic Levels:           2  (CARRY4=1 FDRE=1)

    Location             Delay type                Incr(ns)  Path(ns)    Netlist Resource(s)
  -------------------------------------------------------------------    -------------------
    SLICE_X86Y75         FDRE                         0.000     0.000 r  Seg/clk_div_reg[6]/C
    SLICE_X86Y75         FDRE (Prop_fdre_C_Q)         0.141     0.141 r  Seg/clk_div_reg[6]/Q
                         net (fo=1, routed)           0.121     0.262    Seg/clk_div_reg_n_0_[6]
    SLICE_X86Y75         CARRY4 (Prop_carry4_S[2]_O[3])
                                                      0.144     0.406 r  Seg/clk_div_reg[4]_i_1/O[3]
                         net (fo=1, routed)           0.000     0.406    Seg/clk_div_reg[4]_i_1_n_4
    SLICE_X86Y75         FDRE                                         r  Seg/clk_div_reg[7]/D
  -------------------------------------------------------------------    -------------------

Slack:                    inf
  Source:                 Seg/clk_div_reg[0]/C
                            (rising edge-triggered cell FDRE)
  Destination:            Seg/clk_div_reg[0]/D
  Path Group:             (none)
  Path Type:              Min at Fast Process Corner
  Data Path Delay:        0.429ns  (logic 0.256ns (59.730%)  route 0.173ns (40.270%))
  Logic Levels:           3  (CARRY4=1 FDRE=1 LUT1=1)

    Location             Delay type                Incr(ns)  Path(ns)    Netlist Resource(s)
  -------------------------------------------------------------------    -------------------
    SLICE_X86Y74         FDRE                         0.000     0.000 r  Seg/clk_div_reg[0]/C
    SLICE_X86Y74         FDRE (Prop_fdre_C_Q)         0.141     0.141 f  Seg/clk_div_reg[0]/Q
                         net (fo=1, routed)           0.173     0.314    Seg/clk_div_reg_n_0_[0]
    SLICE_X86Y74         LUT1 (Prop_lut1_I0_O)        0.045     0.359 r  Seg/clk_div[0]_i_2/O
                         net (fo=1, routed)           0.000     0.359    Seg/clk_div[0]_i_2_n_0
    SLICE_X86Y74         CARRY4 (Prop_carry4_S[0]_O[0])
                                                      0.070     0.429 r  Seg/clk_div_reg[0]_i_1/O[0]
                         net (fo=1, routed)           0.000     0.429    Seg/clk_div_reg[0]_i_1_n_7
    SLICE_X86Y74         FDRE                                         r  Seg/clk_div_reg[0]/D
  -------------------------------------------------------------------    -------------------

Slack:                    inf
  Source:                 Seg/clk_div_reg[13]/C
                            (rising edge-triggered cell FDRE)
  Destination:            Seg/clk_div_reg[13]/D
  Path Group:             (none)
  Path Type:              Min at Fast Process Corner
  Data Path Delay:        0.431ns  (logic 0.251ns (58.256%)  route 0.180ns (41.744%))
  Logic Levels:           2  (CARRY4=1 FDRE=1)

    Location             Delay type                Incr(ns)  Path(ns)    Netlist Resource(s)
  -------------------------------------------------------------------    -------------------
    SLICE_X86Y77         FDRE                         0.000     0.000 r  Seg/clk_div_reg[13]/C
    SLICE_X86Y77         FDRE (Prop_fdre_C_Q)         0.141     0.141 r  Seg/clk_div_reg[13]/Q
                         net (fo=1, routed)           0.180     0.321    Seg/clk_div_reg_n_0_[13]
    SLICE_X86Y77         CARRY4 (Prop_carry4_S[1]_O[1])
                                                      0.110     0.431 r  Seg/clk_div_reg[12]_i_1/O[1]
                         net (fo=1, routed)           0.000     0.431    Seg/clk_div_reg[12]_i_1_n_6
    SLICE_X86Y77         FDRE                                         r  Seg/clk_div_reg[13]/D
  -------------------------------------------------------------------    -------------------

Slack:                    inf
  Source:                 Seg/clk_div_reg[1]/C
                            (rising edge-triggered cell FDRE)
  Destination:            Seg/clk_div_reg[1]/D
  Path Group:             (none)
  Path Type:              Min at Fast Process Corner
  Data Path Delay:        0.431ns  (logic 0.251ns (58.256%)  route 0.180ns (41.744%))
  Logic Levels:           2  (CARRY4=1 FDRE=1)

    Location             Delay type                Incr(ns)  Path(ns)    Netlist Resource(s)
  -------------------------------------------------------------------    -------------------
    SLICE_X86Y74         FDRE                         0.000     0.000 r  Seg/clk_div_reg[1]/C
    SLICE_X86Y74         FDRE (Prop_fdre_C_Q)         0.141     0.141 r  Seg/clk_div_reg[1]/Q
                         net (fo=1, routed)           0.180     0.321    Seg/clk_div_reg_n_0_[1]
    SLICE_X86Y74         CARRY4 (Prop_carry4_S[1]_O[1])
                                                      0.110     0.431 r  Seg/clk_div_reg[0]_i_1/O[1]
                         net (fo=1, routed)           0.000     0.431    Seg/clk_div_reg[0]_i_1_n_6
    SLICE_X86Y74         FDRE                                         r  Seg/clk_div_reg[1]/D
  -------------------------------------------------------------------    -------------------





--------------------------------------------------------------------------------------
Path Group:  (none)
From Clock:  sys_clk_pin
  To Clock:  

Max Delay             1 Endpoint
Min Delay             1 Endpoint
--------------------------------------------------------------------------------------


Max Delay Paths
--------------------------------------------------------------------------------------
Slack:                    inf
  Source:                 sign_reg/C
                            (rising edge-triggered cell FDRE clocked by sys_clk_pin  {rise@0.000ns fall@5.000ns period=10.000ns})
  Destination:            sign
                            (output port)
  Path Group:             (none)
  Path Type:              Max at Slow Process Corner
  Data Path Delay:        5.959ns  (logic 4.023ns (67.522%)  route 1.935ns (32.478%))
  Logic Levels:           1  (OBUF=1)
  Clock Uncertainty:      0.025ns  ((TSJ^2 + TIJ^2)^1/2 + DJ) / 2 + PE
    Total System Jitter     (TSJ):    0.050ns
    Total Input Jitter      (TIJ):    0.000ns
    Discrete Jitter          (DJ):    0.000ns
    Phase Error              (PE):    0.000ns

    Location             Delay type                Incr(ns)  Path(ns)    Netlist Resource(s)
  -------------------------------------------------------------------    -------------------
                         (clock sys_clk_pin rise edge)
                                                      0.000     0.000 r  <hidden>
    E3                                                0.000     0.000 r  Clk
                         net (fo=0)                   0.000     0.000    Clk
    E3                   IBUF (Prop_ibuf_I_O)         1.482     1.482 r  Clk_IBUF_inst/O
                         net (fo=1, routed)           2.025     3.506    Clk_IBUF
    BUFGCTRL_X0Y16       BUFG (Prop_bufg_I_O)         0.096     3.602 r  Clk_IBUF_BUFG_inst/O
                         net (fo=6, routed)           1.720     5.323    Clk_IBUF_BUFG
    SLICE_X89Y69         FDRE                                         r  sign_reg/C
  -------------------------------------------------------------------    -------------------
    SLICE_X89Y69         FDRE (Prop_fdre_C_Q)         0.456     5.779 r  sign_reg/Q
                         net (fo=1, routed)           1.935     7.714    sign_OBUF
    V9                   OBUF (Prop_obuf_I_O)         3.567    11.281 r  sign_OBUF_inst/O
                         net (fo=0)                   0.000    11.281    sign
    V9                                                                r  sign
  -------------------------------------------------------------------    -------------------





Min Delay Paths
--------------------------------------------------------------------------------------
Slack:                    inf
  Source:                 sign_reg/C
                            (rising edge-triggered cell FDRE clocked by sys_clk_pin  {rise@0.000ns fall@5.000ns period=10.000ns})
  Destination:            sign
                            (output port)
  Path Group:             (none)
  Path Type:              Min at Fast Process Corner
  Data Path Delay:        1.861ns  (logic 1.409ns (75.702%)  route 0.452ns (24.298%))
  Logic Levels:           1  (OBUF=1)
  Clock Uncertainty:      0.025ns  ((TSJ^2 + TIJ^2)^1/2 + DJ) / 2 + PE
    Total System Jitter     (TSJ):    0.050ns
    Total Input Jitter      (TIJ):    0.000ns
    Discrete Jitter          (DJ):    0.000ns
    Phase Error              (PE):    0.000ns

    Location             Delay type                Incr(ns)  Path(ns)    Netlist Resource(s)
  -------------------------------------------------------------------    -------------------
                         (clock sys_clk_pin rise edge)
                                                      0.000     0.000 r  <hidden>
    E3                                                0.000     0.000 r  Clk
                         net (fo=0)                   0.000     0.000    Clk
    E3                   IBUF (Prop_ibuf_I_O)         0.250     0.250 r  Clk_IBUF_inst/O
                         net (fo=1, routed)           0.644     0.894    Clk_IBUF
    BUFGCTRL_X0Y16       BUFG (Prop_bufg_I_O)         0.026     0.920 r  Clk_IBUF_BUFG_inst/O
                         net (fo=6, routed)           0.599     1.518    Clk_IBUF_BUFG
    SLICE_X89Y69         FDRE                                         r  sign_reg/C
  -------------------------------------------------------------------    -------------------
    SLICE_X89Y69         FDRE (Prop_fdre_C_Q)         0.141     1.659 r  sign_reg/Q
                         net (fo=1, routed)           0.452     2.112    sign_OBUF
    V9                   OBUF (Prop_obuf_I_O)         1.268     3.379 r  sign_OBUF_inst/O
                         net (fo=0)                   0.000     3.379    sign
    V9                                                                r  sign
  -------------------------------------------------------------------    -------------------





--------------------------------------------------------------------------------------
Path Group:  (none)
From Clock:  
  To Clock:  sys_clk_pin

Max Delay             1 Endpoint
Min Delay             1 Endpoint
--------------------------------------------------------------------------------------


Max Delay Paths
--------------------------------------------------------------------------------------
Slack:                    inf
  Source:                 B[1]
                            (input port)
  Destination:            sign_reg/D
                            (rising edge-triggered cell FDRE clocked by sys_clk_pin  {rise@0.000ns fall@5.000ns period=10.000ns})
  Path Group:             (none)
  Path Type:              Setup (Max at Slow Process Corner)
  Data Path Delay:        4.317ns  (logic 1.960ns (45.397%)  route 2.358ns (54.603%))
  Logic Levels:           3  (IBUF=1 LUT5=1 LUT6=1)
  Clock Path Skew:        5.024ns (DCD - SCD + CPR)
    Destination Clock Delay (DCD):    5.024ns
    Source Clock Delay      (SCD):    0.000ns
    Clock Pessimism Removal (CPR):    0.000ns
  Clock Uncertainty:      0.025ns  ((TSJ^2 + TIJ^2)^1/2 + DJ) / 2 + PE
    Total System Jitter     (TSJ):    0.050ns
    Total Input Jitter      (TIJ):    0.000ns
    Discrete Jitter          (DJ):    0.000ns
    Phase Error              (PE):    0.000ns

    Location             Delay type                Incr(ns)  Path(ns)    Netlist Resource(s)
  -------------------------------------------------------------------    -------------------
    U8                                                0.000     0.000 r  B[1]
                         net (fo=0)                   0.000     0.000    B[1]
    U8                   IBUF (Prop_ibuf_I_O)         1.482     1.482 r  B_IBUF[1]_inst/O
                         net (fo=2, routed)           2.173     3.655    Seg/display_driver/B_IBUF[1]
    SLICE_X89Y69         LUT5 (Prop_lut5_I3_O)        0.152     3.807 r  Seg/display_driver/OF_OBUF_inst_i_2/O
                         net (fo=4, routed)           0.185     3.991    AS/Two_Three
    SLICE_X89Y69         LUT6 (Prop_lut6_I2_O)        0.326     4.317 r  sign_i_1/O
                         net (fo=1, routed)           0.000     4.317    Sum[3]
    SLICE_X89Y69         FDRE                                         r  sign_reg/D
  -------------------------------------------------------------------    -------------------

                         (clock sys_clk_pin rise edge)
                                                      0.000     0.000 r  <hidden>
    E3                                                0.000     0.000 r  Clk
                         net (fo=0)                   0.000     0.000    Clk
    E3                   IBUF (Prop_ibuf_I_O)         1.411     1.411 r  Clk_IBUF_inst/O
                         net (fo=1, routed)           1.920     3.331    Clk_IBUF
    BUFGCTRL_X0Y16       BUFG (Prop_bufg_I_O)         0.091     3.422 r  Clk_IBUF_BUFG_inst/O
                         net (fo=6, routed)           1.601     5.024    Clk_IBUF_BUFG
    SLICE_X89Y69         FDRE                                         r  sign_reg/C





Min Delay Paths
--------------------------------------------------------------------------------------
Slack:                    inf
  Source:                 B[3]
                            (input port)
  Destination:            sign_reg/D
                            (rising edge-triggered cell FDRE clocked by sys_clk_pin  {rise@0.000ns fall@5.000ns period=10.000ns})
  Path Group:             (none)
  Path Type:              Hold (Min at Fast Process Corner)
  Data Path Delay:        0.785ns  (logic 0.308ns (39.246%)  route 0.477ns (60.754%))
  Logic Levels:           2  (IBUF=1 LUT6=1)
  Clock Path Skew:        2.034ns (DCD - SCD - CPR)
    Destination Clock Delay (DCD):    2.034ns
    Source Clock Delay      (SCD):    0.000ns
    Clock Pessimism Removal (CPR):    -0.000ns

    Location             Delay type                Incr(ns)  Path(ns)    Netlist Resource(s)
  -------------------------------------------------------------------    -------------------
    R6                                                0.000     0.000 r  B[3]
                         net (fo=0)                   0.000     0.000    B[3]
    R6                   IBUF (Prop_ibuf_I_O)         0.263     0.263 r  B_IBUF[3]_inst/O
                         net (fo=4, routed)           0.477     0.740    B_IBUF[3]
    SLICE_X89Y69         LUT6 (Prop_lut6_I5_O)        0.045     0.785 r  sign_i_1/O
                         net (fo=1, routed)           0.000     0.785    Sum[3]
    SLICE_X89Y69         FDRE                                         r  sign_reg/D
  -------------------------------------------------------------------    -------------------

                         (clock sys_clk_pin rise edge)
                                                      0.000     0.000 r  <hidden>
    E3                                                0.000     0.000 r  Clk
                         net (fo=0)                   0.000     0.000    Clk
    E3                   IBUF (Prop_ibuf_I_O)         0.438     0.438 r  Clk_IBUF_inst/O
                         net (fo=1, routed)           0.699     1.136    Clk_IBUF
    BUFGCTRL_X0Y16       BUFG (Prop_bufg_I_O)         0.029     1.165 r  Clk_IBUF_BUFG_inst/O
                         net (fo=6, routed)           0.869     2.034    Clk_IBUF_BUFG
    SLICE_X89Y69         FDRE                                         r  sign_reg/C





